run,generation,min_fitness,mean_fitness,max_fitness,mean_diversity,total_time,cpu_percent,memory_used_MB
6,1,0.497870900125633,0.4999896766999692,0.5024103580194015,255.3060271712315,0.0012559890747070312,61.45,235.35546875
6,2,0.4943086839002774,0.49999016706726007,0.5069734122440397,218.10752467258283,0.0021085739135742188,0.0,235.35546875
6,3,0.47031334164614474,0.4999806896450205,0.5138569930744236,165.14231954740376,0.0030083656311035156,0.0,235.35546875
6,4,0.42397132912335245,0.5008805607329214,0.5821322808165642,116.30195982492609,0.003936052322387695,0.0,235.35546875
6,5,0.38529522782095693,0.5006256516505866,0.6722820942758945,87.06015311712223,0.004786491394042969,0.0,235.35546875
6,6,0.25972767710191524,0.4989518364066831,0.7660211381037316,79.8936079696969,0.005612373352050781,0.0,235.35546875
6,7,0.30049876636136436,0.49956767081746695,0.7660211381037316,79.69175408257482,0.006757497787475586,0.0,235.35546875
6,8,0.2952793940192276,0.500745794928438,0.7686605343025295,76.53903868622947,0.0076045989990234375,0.0,235.35546875
6,9,0.24640044315990917,0.5000955558635908,0.7686605343025295,70.00408196619581,0.008516788482666016,215.6,235.35546875
6,10,0.1528746936487027,0.5024536585083049,0.8189946751066708,62.99860664073042,0.009702920913696289,0.0,235.35546875
6,11,0.19013372614941654,0.501415132966415,0.8206711052948559,56.2555611593643,0.010535001754760742,0.0,235.35546875
6,12,0.10302469074240805,0.49227647901180616,0.9070173341430757,49.137749212447055,0.011615276336669922,0.0,235.35546875
6,13,0.1043436151421096,0.49544408968145937,0.9070173341430757,42.36425074566862,0.012513160705566406,0.0,235.35546875
6,14,0.10463926285013142,0.48886030928694585,0.9153092880682067,37.417609683782366,0.013342618942260742,0.0,235.35546875
6,15,0.057756159049403066,0.49639037380655177,0.9217814718085735,33.96535096976407,0.014163970947265625,0.0,235.35546875
6,16,0.07134760596561829,0.5153306950619562,0.9627219899932209,31.376820622892257,0.014983654022216797,0.0,235.35546875
6,17,0.026128704942423253,0.49458184326587823,0.9627219899932209,29.316927997248115,0.016200780868530273,171.075,235.35546875
6,18,0.05671371445095846,0.5001505849969475,0.9627219899932209,26.738242204504143,0.017018556594848633,0.0,235.35546875
6,19,0.025839044347892137,0.5099721774872538,0.9627219899932209,23.93135517596461,0.017829179763793945,0.0,235.35546875
6,20,0.023829931794628834,0.5056942352612273,0.9627219899932209,20.822875796490436,0.01885056495666504,0.0,235.35546875
6,21,0.04710918379939599,0.5165236623167052,0.9627666243391413,18.496168371452594,0.019681453704833984,0.0,235.35546875
6,22,0.038660669285015936,0.5198147882964886,0.9627666243391413,17.101037395027404,0.0204925537109375,0.0,235.35546875
6,23,0.024902767174747875,0.49921903875878515,0.9627718229358865,15.778889544194271,0.02131199836730957,0.0,235.35546875
6,24,0.03429773668241143,0.5004455847826275,0.9627718229358865,14.53615799702037,0.022118330001831055,0.0,235.35546875
6,25,0.023025307611501622,0.5228258526726911,0.9627718229358865,13.631495298337132,0.022923946380615234,0.0,235.35546875
6,26,0.056395437028159134,0.5412354682081459,0.9627718229358865,12.75084175949918,0.023729562759399414,238.3,235.35546875
6,27,0.023591208869568447,0.5166575006422083,0.9627718229358865,11.807944091871859,0.024898052215576172,0.0,235.35546875
6,28,0.023030991891652586,0.5167862730361035,0.9627718229358865,10.994407571835234,0.0258939266204834,0.0,235.35546875
6,29,0.027324034702072397,0.5299225295890453,0.9627718229358865,10.234806518753183,0.026710987091064453,0.0,235.35546875
6,30,0.023100178372534086,0.525585434259657,0.9627718229358865,9.561373285869998,0.027580976486206055,0.0,235.35546875
6,31,0.030839374159706,0.543004737801924,0.9627751680383216,8.94417856527632,0.028558731079101562,0.0,235.35546875
6,32,0.022764172158676654,0.542436434828099,0.9627751680383216,8.442031941368453,0.029371976852416992,0.0,235.35546875
6,33,0.026877436881206196,0.5408389704362931,0.9627751680383216,8.146438159590359,0.030179738998413086,0.0,235.35546875
6,34,0.022170256829729007,0.5395053213456051,0.9627751680383216,7.881246846610835,0.03107452392578125,220.15,235.35546875
6,35,0.021945708187146862,0.5485667527416347,0.9627751680383216,7.553555958225132,0.03188514709472656,0.0,235.35546875
6,36,0.036403093224254446,0.556317803910028,0.962775918184564,7.131927274773531,0.03270578384399414,0.0,235.35546875
6,37,0.022166838510842057,0.5378551607285372,0.9780800724256611,6.803998449214034,0.033522844314575195,0.0,235.35546875
6,38,0.021635040277065254,0.47842442341254815,0.9780800724256611,6.509597665750422,0.03460383415222168,0.0,235.35546875
6,39,0.0214815665713447,0.398322523354537,0.986975337604659,6.31833789897267,0.035429954528808594,0.0,235.35546875
6,40,0.02146964020751191,0.4155052103030207,0.9902835027946255,6.0368577395899585,0.03625202178955078,0.0,235.35546875
6,41,0.021472868860269834,0.43212437925933533,0.9902835027946255,5.782203231421863,0.03741121292114258,0.0,235.35546875
6,42,0.021468583763381344,0.41284143524720285,0.9902835027946255,5.570262205689761,0.03823661804199219,0.0,235.35546875
6,43,0.021468033716578017,0.4850648603369939,0.9902835027946255,5.45026694111284,0.03904604911804199,236.075,235.35546875
6,44,0.021513003273461784,0.5220001934040702,0.9902835027946255,5.346236840970127,0.039885759353637695,0.0,235.35546875
6,45,0.021480782485315097,0.54134038018359,0.9902835027946255,5.224971971226351,0.04095602035522461,0.0,235.35546875
6,46,0.021471726656964174,0.49362465291258045,0.9902835027946255,5.034179581604042,0.04176831245422363,0.0,235.35546875
6,47,0.02146808098590708,0.4131300808390121,0.9902835027946255,4.8524371874701355,0.04257392883300781,0.0,235.35546875
6,48,0.02147116456207654,0.36953313179197306,0.9902835027946255,4.670464663817145,0.0437169075012207,0.0,235.35546875
6,49,0.02146796422876024,0.33678464902706096,0.9902835027946255,4.563767825413054,0.04452776908874512,0.0,235.35546875
6,50,0.021474189445858827,0.33815590068459367,0.9902835027946255,4.475146163527831,0.04533267021179199,0.0,235.35546875
6,51,0.021467907701832545,0.3694957844274718,0.9902835027946255,4.406834965890194,0.046198368072509766,0.0,235.35546875
6,52,0.02146791030409201,0.4107876541031419,0.9902835027946255,4.334168087723552,0.046997785568237305,240.125,235.35546875
6,53,0.02147044728680686,0.4521760760510659,0.9902835027946255,4.30624577249144,0.047795772552490234,0.0,235.35546875
6,54,0.021476963060983623,0.4362177479195087,0.9902838133454537,4.267422551289365,0.048606157302856445,0.0,235.35546875
6,55,0.021492352075903165,0.3987610094928873,0.9902838133454537,4.1871939127084135,0.04947495460510254,0.0,235.35546875
6,56,0.02146801038596491,0.36936284974788325,0.9902840806822988,4.087616087124508,0.05057334899902344,0.0,235.35546875
6,57,0.021469396205814284,0.3341789162459523,0.9902840806822988,4.002870065603179,0.051387786865234375,0.0,235.35546875
6,58,0.02147244577237234,0.3212000048951088,0.9902840806822988,3.945126499428035,0.05217409133911133,0.0,235.35546875
6,59,0.021467930629056553,0.3216698900657302,0.9902840806822988,3.928780447306759,0.05292987823486328,0.0,235.35546875
6,60,0.004961432623617701,0.3238587027175042,0.9902840806822988,3.9248968737743577,0.053679466247558594,0.0,235.35546875
6,61,0.003932170452211725,0.3307880043583616,0.9902840806822988,3.958250393417167,0.05446815490722656,245.725,235.35546875
6,62,0.021467932106331133,0.3463218159855665,0.9902840806822988,3.9845922856369804,0.05521965026855469,0.0,235.35546875
6,63,0.021467925351669137,0.3629405085630619,0.9902840806822988,4.024335800775029,0.05597281455993652,0.0,235.35546875
6,64,0.021470536457738443,0.35587098501618264,0.9902840806822988,4.054302132373894,0.05672478675842285,0.0,235.35546875
6,65,0.021480840986724148,0.34695604115896406,0.9902840806822988,4.060224645523655,0.05747246742248535,0.0,235.35546875
6,66,0.021480909307277696,0.352115075741415,0.9902840806822988,4.031034747030382,0.05822110176086426,0.0,235.35546875
6,67,0.02147362873269898,0.34034258422123664,0.9902840806822988,3.944712301647055,0.05897092819213867,0.0,235.35546875
6,68,0.021474563279521464,0.32183556072542496,0.9902840806822988,3.8603306198858385,0.059757232666015625,0.0,235.35546875
6,69,0.021489211578391454,0.31853057343949437,0.9902840806822988,3.828445496650708,0.06050562858581543,0.0,235.35546875
6,70,0.02146796533278067,0.3215753466785371,0.9902840806822988,3.8246283551343723,0.06125521659851074,0.0,235.35546875
6,71,0.02146852528362997,0.3329913252031673,0.9902840806822988,3.8306138951253836,0.06220817565917969,199.775,235.35546875
6,72,0.021478364217197288,0.34799265368770665,0.9902840806822988,3.825808552317196,0.06296014785766602,0.0,235.35546875
6,73,0.021471008680639503,0.3408473280884233,0.9902840806822988,3.8137655367035257,0.06371235847473145,0.0,235.35546875
6,74,0.02147015728579693,0.33046228092768276,0.9902840806822988,3.8053816439017387,0.06452727317810059,0.0,235.35546875
6,75,0.021467917449674967,0.3249372747444825,0.9902840806822988,3.7955524942835854,0.06527519226074219,0.0,235.35546875
6,76,0.02146835237601813,0.3260795839671063,0.9902840806822988,3.8016059040763706,0.06602334976196289,0.0,235.35546875
6,77,0.021467917821708482,0.3409555543118572,0.9902840806822988,3.8146794188461253,0.06676983833312988,0.0,235.35546875
6,78,0.02147069211383895,0.3350614894273202,0.9902840806822988,3.8294702123464806,0.06758666038513184,0.0,235.35546875
6,79,0.021468059021338914,0.33775019872646544,0.9902840806822988,3.811539265491376,0.06833362579345703,0.0,235.35546875
6,80,0.015576562900937507,0.3332435829627251,0.9902840806822988,3.7723868389055535,0.06907868385314941,0.0,235.35546875
6,81,0.003537267164580249,0.3320062234997456,0.9902840806822988,3.758139317400646,0.06982684135437012,256.525,235.35546875
6,82,0.021469285547347117,0.33857004244368044,0.9902840806822988,3.7643778858949504,0.07064676284790039,0.0,235.35546875
6,83,0.016090022538067017,0.351241746650276,0.9902840806822988,3.7528450911681697,0.0713949203491211,0.0,235.35546875
6,84,0.021469011780934022,0.3416452529806812,0.9902840806822988,3.7319187470578945,0.07214045524597168,0.0,235.35546875
6,85,0.021468146507312436,0.35239356353653567,0.9902840806822988,3.763989811110338,0.07288479804992676,0.0,235.35546875
6,86,0.021480213573294993,0.35092290131490006,0.9902840806822988,3.8111636034099843,0.07368659973144531,0.0,235.35546875
6,87,0.021467920149387087,0.352858993949879,0.9902840806822988,3.8223720642611863,0.0744326114654541,0.0,235.35546875
6,88,0.021468072464301047,0.3500464096427686,0.9902840806822988,3.7690593693105052,0.0752100944519043,0.0,235.35546875
6,89,0.021468526418404243,0.33568590191911607,0.9902840806822988,3.703094036758157,0.07596087455749512,0.0,235.35546875
6,90,0.02147239485486424,0.3280221754739475,0.9902840806822988,3.6891359599288944,0.07676410675048828,0.0,235.35546875
6,91,0.02146966863387062,0.3348505961874799,0.9902840806822988,3.715202414517347,0.07751154899597168,256.325,235.35546875
6,92,0.021475922061628405,0.34497574677697346,0.9902840806822988,3.726568698343371,0.07825994491577148,0.0,235.35546875
6,93,0.021482742800816357,0.35275787884581505,0.9902840806822988,3.7275853122864326,0.07900500297546387,0.0,235.35546875
6,94,0.021468254167577527,0.3556277178684999,0.9902840806822988,3.747378545770213,0.07979989051818848,0.0,235.35546875
6,95,0.02146877386853252,0.34892371986147613,0.9902840806822988,3.730960958437495,0.08054614067077637,0.0,235.35546875
6,96,0.021480119463527403,0.34613810234028713,0.9902840900990221,3.7287265965961307,0.08130621910095215,0.0,235.35546875
6,97,0.021475459439066535,0.336937173737212,0.9902840900990221,3.7007107741980554,0.08205389976501465,0.0,235.35546875
6,98,0.02146803333548991,0.3404969818171472,0.9902840900990221,3.711175660355695,0.08287382125854492,0.0,235.35546875
6,99,0.021468082831735624,0.3628465231798412,0.9902840900990221,3.774052876533916,0.08361983299255371,0.0,235.35546875
6,100,0.021471051784383466,0.37385231058304963,0.9902840900990221,3.816518350496081,0.0843667984008789,0.0,235.35546875
6,101,0.021482185663326825,0.3851760432332104,0.9902840900990221,3.8011843505980787,0.08521795272827148,227.85,235.35546875
6,102,0.021555386337011262,0.3706203943054153,0.9902840900990221,3.764015492325237,0.08601498603820801,0.0,235.35546875
6,103,0.02147093506568226,0.34867058015922237,0.9902840900990221,3.704327868480047,0.08676362037658691,0.0,235.35546875
6,104,0.021471512720776686,0.3381104130105795,0.9902840900990221,3.6676216743313046,0.08751273155212402,0.0,235.35546875
6,105,0.02148355198600388,0.33227109165352886,0.9902840900990221,3.6334601786127116,0.08829712867736816,0.0,235.35546875
6,106,0.021470498372247127,0.3403095956345974,0.9902840900990221,3.649019251906301,0.08908390998840332,0.0,235.35546875
6,107,0.02147713299069981,0.348199492448923,0.9902840900990221,3.6877908419946723,0.08983230590820312,0.0,235.35546875
6,108,0.021472205353967544,0.35536248013611316,0.9902840900990221,3.714049332484503,0.09057950973510742,0.0,235.35546875
6,109,0.021468867131405445,0.3726497061954428,0.9902840900990221,3.712212705862362,0.0913238525390625,0.0,235.35546875
6,110,0.02147875979059405,0.38613089005473833,0.9902840900990221,3.731438420251866,0.09216046333312988,0.0,235.35546875
6,111,0.021469120946394804,0.3763985631550756,0.9902840900990221,3.720431847156357,0.09290885925292969,256.175,235.35546875
6,112,0.0214685718101848,0.34784192475975123,0.9902840900990221,3.6851087038466455,0.0936577320098877,0.0,235.35546875
6,113,0.021475625420986466,0.33963211189234477,0.9902840900990221,3.6544042196556576,0.09440279006958008,0.0,235.35546875
6,114,0.02148343250562612,0.35247092342488884,0.9902840900990221,3.6847575136206125,0.09519076347351074,0.0,235.35546875
6,115,0.0214679151058354,0.34695899488591564,0.9902840900990221,3.7321386666706995,0.09593987464904785,0.0,235.35546875
6,116,0.02147854446646985,0.35375988759285976,0.9902840900990221,3.7703694443337183,0.09668684005737305,0.0,235.35546875
6,117,0.021467959061476916,0.3693399195199903,0.9902840900990221,3.7629010141407746,0.09743237495422363,0.0,235.35546875
6,118,0.021468520236175237,0.37317938952498725,0.9902840900990221,3.7220717141950326,0.0982673168182373,0.0,235.35546875
6,119,0.02146820948087319,0.3717461289698126,0.9902840900990221,3.667896094106702,0.09905195236206055,0.0,235.35546875
6,120,0.021472323603718757,0.35861691374051247,0.9902840900990221,3.639508524779406,0.09980058670043945,0.0,235.35546875
6,121,0.021469755439786686,0.3440390618638341,0.9902840900990221,3.6581053206405554,0.10055136680603027,255.175,235.35546875
6,122,0.021468669196898604,0.3515806413854443,0.9902840900990221,3.6835224073290256,0.10133862495422363,0.0,235.35546875
6,123,0.021468624794698632,0.3582079422625847,0.9902840900990221,3.7111830148643854,0.10208511352539062,0.0,235.35546875
6,124,0.021468090677799756,0.3633219191947495,0.9902840900990221,3.738808635607004,0.10283231735229492,0.0,235.35546875
6,125,0.021468009845965308,0.38081119570512384,0.9902840900990221,3.760099944647006,0.10357928276062012,0.0,235.35546875
6,126,0.021469625639210232,0.37607424831719233,0.9902840900990221,3.7706826286302304,0.10437226295471191,0.0,235.35546875
6,127,0.021468115283967693,0.36901401248916726,0.9902840900990221,3.732014353156668,0.10511946678161621,0.0,235.35546875
6,128,0.021469204375610895,0.3573400077729326,0.9902840901171144,3.6839338748975132,0.10591387748718262,0.0,235.35546875
6,129,0.021469022538651794,0.3478347314375736,0.9902840901171144,3.6378524418329627,0.1066596508026123,0.0,235.35546875
6,130,0.02146866638870437,0.34667601140886417,0.9902840901171144,3.6483453398046266,0.10749936103820801,0.0,235.35546875
6,131,0.021468567814483697,0.3509293674217487,0.9902840901171144,3.6619285717195185,0.10834741592407227,232.875,235.35546875
6,132,0.02146859232138154,0.36939478600177167,0.9902840901171144,3.6689185165702707,0.10909414291381836,0.0,235.35546875
6,133,0.021469087969591016,0.3662919499041585,0.9902840901171144,3.6526098818149957,0.10984325408935547,0.0,235.35546875
6,134,0.02146789907470642,0.3651815619525988,0.9902840901171144,3.645762110832792,0.11060523986816406,0.0,235.35546875
6,135,0.02146800899815987,0.3731394275727984,0.9902840901171144,3.65993267161072,0.11135172843933105,0.0,235.35546875
6,136,0.021468181893203375,0.3690155987250753,0.9902840901171144,3.6629417858035263,0.11209774017333984,0.0,235.35546875
6,137,0.02146793554786558,0.3563265909808398,0.9902840901171144,3.67265599812807,0.11284375190734863,0.0,235.35546875
6,138,0.021471543801712845,0.3582006574122008,0.9902840901171144,3.7135708114850394,0.1136622428894043,0.0,235.35546875
6,139,0.021476747482684688,0.36159832044991674,0.9902840901171144,3.722630887214771,0.11447834968566895,0.0,235.35546875
6,140,0.0214690190143767,0.3623848488955752,0.9902840901171144,3.708264853560006,0.11522555351257324,0.0,235.35546875
6,141,0.021467925663719523,0.3522660595651947,0.9902840901171144,3.6745510360988476,0.1160738468170166,232.7,235.35546875
6,142,0.021500873113645236,0.34972698711398875,0.9902840901171144,3.6438290624976304,0.11687135696411133,0.0,235.35546875
6,143,0.021468741463860352,0.3802914646362149,0.9902840901171144,3.645636292218323,0.11771702766418457,0.0,235.35546875
6,144,0.021468569419568206,0.38001745075306803,0.9902840901171144,3.651095340542253,0.11846661567687988,0.0,235.35546875
6,145,0.021485622595856235,0.36046622250560745,0.9902840901171144,3.6263636677231936,0.11921429634094238,0.0,235.35546875
6,146,0.021471115126024787,0.3545379251572316,0.9902840901171144,3.6434187117706665,0.12000060081481934,0.0,235.35546875
6,147,0.021467921428255488,0.37221810843651965,0.9902840901171144,3.6756329980103803,0.12074828147888184,0.0,235.35546875
6,148,0.02151449951913642,0.381657878603799,0.9902840901171144,3.7212362609042353,0.12149357795715332,0.0,235.35546875
6,149,0.021468000527465503,0.38574108008727076,0.9902840901171144,3.7124289937962014,0.12223935127258301,0.0,235.35546875
6,150,0.021467906566163375,0.3792095528567215,0.9902840901171144,3.66098197133163,0.12303400039672852,0.0,235.35546875
6,151,0.02151472672919208,0.3788431078039431,0.9902840901171144,3.622108637876214,0.12378430366516113,250.6,235.35546875
6,152,0.02147111709502575,0.3757745984308648,0.9902840901171144,3.5934115719951203,0.12453031539916992,0.0,235.35546875
6,153,0.021468390768324075,0.3890274399713478,0.9902840901171144,3.6135945634950075,0.12528586387634277,0.0,235.35546875
6,154,0.02146801580896973,0.39127844806726236,0.9902840901171144,3.6373615163017097,0.12607240676879883,0.0,235.35546875
6,155,0.02146790123417691,0.38222410403281193,0.9902840901171144,3.6446045300400076,0.12681937217712402,0.0,235.35546875
6,156,0.021469823556548362,0.3769502441137172,0.9902840901171144,3.6419935222406585,0.12756824493408203,0.0,235.35546875
6,157,0.021469835327339093,0.3835548373526573,0.9902840901171144,3.645022120964545,0.12831473350524902,0.0,235.35546875
6,158,0.02148145823522163,0.3842941322346777,0.9902840901171144,3.6496322028805994,0.12907814979553223,0.0,235.35546875
6,159,0.02147596171837851,0.3853011969135938,0.9902840901171144,3.6218631123521754,0.12982439994812012,0.0,235.35546875
6,160,0.02148692196598856,0.38849572602286375,0.9902840901171144,3.5978253564548983,0.13057184219360352,0.0,235.35546875
6,161,0.02146820968207991,0.38256796073200666,0.9902840901171144,3.5782942648394647,0.1313178539276123,257.5,235.35546875
6,162,0.02146828978766796,0.3857371443981681,0.9902840901171144,3.6125329731374003,0.13213825225830078,0.0,235.35546875
6,163,0.021468930312376122,0.3859971387834754,0.9902840901171144,3.6241514667862935,0.13288474082946777,0.0,235.35546875
6,164,0.0214747183159284,0.38298979124542437,0.9902840901171144,3.61630939941153,0.13363170623779297,0.0,235.35546875
6,165,0.021471507336619566,0.39382931749040145,0.9902840901207901,3.603986908465021,0.13439130783081055,0.0,235.35546875
6,166,0.021467998824143908,0.39953720319214103,0.9902840901207901,3.5943895200677636,0.13521099090576172,0.0,235.35546875
6,167,0.021468303635538533,0.3987887012399685,0.9902840901207901,3.6057939265526193,0.1359567642211914,0.0,235.35546875
6,168,0.021469019866157735,0.3866857874011175,0.9902840901207901,3.6058444838672163,0.13674640655517578,0.0,235.35546875
6,169,0.021471578737405184,0.4009059215114732,0.9902840901207901,3.622738070571567,0.1374967098236084,0.0,235.35546875
6,170,0.02146842712318814,0.4064338465269323,0.9902840901207901,3.62375944349203,0.13831758499145508,0.0,235.35546875
6,171,0.021476709109690795,0.40518291086931024,0.9902840901207901,3.617297267240557,0.13921570777893066,161.6,235.35546875
6,172,0.021472814662163497,0.3912182194011176,0.9902840901207901,3.5773525073594934,0.14009714126586914,0.0,235.35546875
6,173,0.02146791971618489,0.38693342415058163,0.9902840901207901,3.572715038367813,0.1410069465637207,0.0,235.35546875
6,174,0.021467952587700567,0.37814845327514857,0.9902840901207901,3.553071230520597,0.14192628860473633,0.0,235.35546875
6,175,0.021468424191718405,0.39409346667929224,0.9902840901207901,3.571980025736073,0.14275741577148438,0.0,235.35546875
6,176,0.021471075028332787,0.3965659155466116,0.9902840901224692,3.599097590119832,0.14359641075134277,0.0,235.35546875
6,177,0.02146953485830444,0.39933440851901536,0.9902840901224692,3.593303373632275,0.14448332786560059,0.0,235.35546875
6,178,0.021472533454921172,0.4009220114026417,0.9902840901224692,3.5892714154930183,0.1454329490661621,0.0,235.35546875
6,179,0.021469274504407387,0.4040854066809195,0.9902840901224692,3.5730693869687995,0.14646530151367188,175.35,235.35546875
6,180,0.021467901689139812,0.4062333750559899,0.9902840901224692,3.569575477506892,0.1474137306213379,0.0,235.35546875
6,181,0.02147024341165471,0.41041214016572997,0.9902840901224692,3.5885917893128942,0.1482834815979004,0.0,235.35546875
6,182,0.021467927990454827,0.41079833297456453,0.9902840901224692,3.579384104714808,0.14918804168701172,0.0,235.35546875
6,183,0.021477780980900085,0.39598465097732843,0.9902840901224692,3.57365666921676,0.15012788772583008,0.0,235.35546875
6,184,0.021468005137434076,0.4104346550474289,0.9902840901224692,3.596549565270333,0.15136146545410156,0.0,235.35546875
6,185,0.02146968364772317,0.4021355118856563,0.9902840901224692,3.597046385845977,0.15213322639465332,0.0,235.35546875
6,186,0.021468337522751735,0.40600199505173296,0.9902840901224692,3.5840691205735076,0.15314960479736328,199.975,235.35546875
6,187,0.021471914607613607,0.4107295228031288,0.9902840901224692,3.572299548225627,0.15404462814331055,0.0,235.35546875
6,188,0.0214699213156605,0.42609569754070575,0.9902840901224692,3.585917080202312,0.15489625930786133,0.0,235.35546875
6,189,0.02146821256324527,0.4270868354019177,0.9902840901224692,3.5911173267519554,0.15572690963745117,0.0,235.35546875
6,190,0.02092858458103719,0.41628726124847376,0.9902840901224692,3.595332256954686,0.15658092498779297,0.0,235.35546875
6,191,0.0214732635481254,0.4015740045344519,0.9902840901224692,3.599313221326607,0.15735387802124023,0.0,235.35546875
6,192,0.021467940766453475,0.4010704439605355,0.9902840901224692,3.588699512236727,0.15818047523498535,0.0,235.35546875
6,193,0.021468646163443184,0.4058675100724422,0.9902840901224692,3.55737131682578,0.15897679328918457,0.0,235.35546875
6,194,0.02147688335739739,0.4035689947673792,0.9902840901224692,3.521411525741442,0.1597750186920166,0.0,235.35546875
6,195,0.021479402810103354,0.3940095295483612,0.9902840901224692,3.5145472809754112,0.160569429397583,0.0,235.35546875
6,196,0.021468148506122553,0.39450501014215755,0.9902840901224692,3.5109517965452093,0.1613614559173584,0.0,235.35546875
6,197,0.021488605925382098,0.40125342395543334,0.9902840901224692,3.523975053703899,0.16229915618896484,0.0,235.35546875
6,198,0.021470174476763304,0.41653000136622087,0.9902840901224692,3.5293722301427985,0.16319918632507324,0.0,235.35546875
6,199,0.02146791257596431,0.42690585556481564,0.9902840901224692,3.524922990450746,0.1642441749572754,193.7,235.35546875
6,200,0.021468492521347415,0.4143959856808838,0.9902840901224692,3.5024667459987286,0.16505146026611328,237.325,235.35546875
6,201,0.021468300320720557,0.39904721432969453,0.9902840901224692,3.5205058464743293,0.165863037109375,0.0,235.35546875
6,202,0.02149444487351604,0.4181121985211136,0.9902840901224692,3.567173595207551,0.16667985916137695,0.0,235.35546875
6,203,0.021470829636123956,0.42690465738855443,0.9902840901224692,3.612712889705953,0.16747784614562988,0.0,235.35546875
6,204,0.021469314300072706,0.4214084948920702,0.9902840901224692,3.6136830222159726,0.1683342456817627,0.0,235.35546875
6,205,0.02147080258158285,0.4138225861158614,0.9902840901224692,3.593727773684261,0.16912841796875,0.0,235.35546875
6,206,0.02147000325131554,0.411175810556574,0.9902840901224692,3.5668102541227347,0.16994118690490723,0.0,235.35546875
6,207,0.021468658276891928,0.4197724314793764,0.9902840901224692,3.517123739885005,0.17073559761047363,0.0,235.35546875
6,208,0.02146865333592568,0.40503007824013426,0.9902840901224692,3.473874953738821,0.17158889770507812,228.25,235.35546875
6,209,0.021472500205892087,0.3982716169545693,0.9902840901224692,3.4584310705478383,0.17238163948059082,0.0,235.35546875
6,210,0.021467902949938167,0.4000645034934816,0.9902840901224692,3.480761736263599,0.17317557334899902,0.0,235.35546875
6,211,0.021470581052998927,0.4184256554652307,0.9902840901224692,3.5517164509471035,0.17397284507751465,0.0,235.35546875
6,212,0.021467942907285986,0.4219924885005364,0.9902840901224692,3.59655336440082,0.17480897903442383,0.0,235.35546875
6,213,0.021474148421221806,0.42566514173126807,0.9902840901224692,3.6021099235500387,0.17555928230285645,0.0,235.35546875
6,214,0.021467934681005774,0.42186989704893724,0.9902840901224692,3.6081490727336942,0.17631006240844727,0.0,235.35546875
6,215,0.021492928626227092,0.4286231422669536,0.9902840901224692,3.6044971854548233,0.1770949363708496,0.0,235.35546875
6,216,0.021472890644287534,0.43512473442203464,0.9902840901224692,3.5668684784470934,0.17790794372558594,0.0,235.35546875
6,217,0.021473804598152013,0.4227884565844612,0.9902840901224692,3.5468136980216034,0.17865633964538574,0.0,235.35546875
6,218,0.021468948369725127,0.4251353861627837,0.9902840901224692,3.5495325566205898,0.17940521240234375,247.875,235.35546875
6,219,0.021468553714112548,0.4332759381923673,0.9902840901224692,3.5278108531208923,0.18015575408935547,0.0,235.35546875
6,220,0.02146810948273059,0.4199888227656037,0.9902840901224692,3.552947528368768,0.18096303939819336,0.0,235.35546875
6,221,0.02146791129054748,0.422513616417572,0.9902840901224692,3.573702057369181,0.18175172805786133,0.0,235.35546875
6,222,0.021467899553108682,0.4333910045843909,0.9902840901224692,3.566842930345661,0.18250322341918945,0.0,235.35546875
6,223,0.021468248147810787,0.43193939037921075,0.9902840901224692,3.545537013531222,0.18325495719909668,0.0,235.35546875
6,224,0.021468739961499617,0.42005693655833026,0.9902840901224692,3.5316630188503613,0.18408632278442383,0.0,235.35546875
6,225,0.021470099096934536,0.4210977629655966,0.9902840901224692,3.5114097063914516,0.18483495712280273,0.0,235.35546875
6,226,0.02146887227219979,0.4219206779513513,0.9902840901224692,3.5315201223499417,0.1855785846710205,0.0,235.35546875
6,227,0.021469325516479676,0.4167511726328945,0.9902840901224692,3.553529522703377,0.1863234043121338,0.0,235.35546875
6,228,0.02146874266952198,0.41735306423271923,0.9902840901224692,3.5741423142143844,0.1871345043182373,240.925,235.35546875
6,229,0.021467934148174772,0.429182727101086,0.9902840901224692,3.5975627916427073,0.18788456916809082,0.0,235.35546875
6,230,0.021477001371197735,0.4211576160508494,0.9902840901224692,3.5510913768399597,0.18863153457641602,0.0,235.35546875
6,231,0.021476310416153277,0.40538057773394587,0.9902840901224692,3.5133524044430895,0.1893782615661621,0.0,235.35546875
6,232,0.021468088375411365,0.4017355434844023,0.9902840901224692,3.4925124622857995,0.19016623497009277,0.0,235.35546875
6,233,0.021506824889093612,0.41265820247609536,0.9902840901224692,3.4859708185435827,0.19091582298278809,0.0,235.35546875
6,234,0.021468160200606157,0.4145517880848294,0.9902840901224692,3.5035113291702746,0.19166278839111328,0.0,235.35546875
6,235,0.02146789973941632,0.42064944530386755,0.9902840901224692,3.55658458833079,0.19240927696228027,0.0,235.35546875
6,236,0.021552830150104174,0.4286819818827847,0.9902840901224692,3.5841184383511764,0.19319510459899902,0.0,235.35546875
6,237,0.021470835406838307,0.4248245746642566,0.9902840901224692,3.5667648957194373,0.1939401626586914,0.0,235.35546875
6,238,0.002469273516740922,0.4328310974843746,0.9902840901224692,3.562735336292278,0.1946859359741211,256.65,235.35546875
6,239,0.021476624257010746,0.4269748811272664,0.9902840901224692,3.534808284547656,0.19558191299438477,0.0,235.35546875
6,240,0.0214717082744304,0.42759545130483906,0.9902840901224692,3.5159731277275537,0.19640469551086426,0.0,235.35546875
6,241,0.021468355620586632,0.4350722247090712,0.99028409012248,3.5073819919356746,0.19717979431152344,0.0,235.35546875
6,242,0.02146807373041243,0.4247981517337854,0.99028409012248,3.5001135840573765,0.1979372501373291,0.0,235.35546875
6,243,0.021468089270450297,0.41152154250011974,0.99028409012248,3.4866424183878686,0.19868993759155273,0.0,235.35546875
6,244,0.02146822465883974,0.4139333068203393,0.99028409012248,3.48783493841129,0.1994791030883789,0.0,235.35546875
6,245,0.021472759435303745,0.4203975483069273,0.99028409012248,3.5284012452984554,0.20023059844970703,0.0,235.35546875
6,246,0.021471457487594825,0.4236730324090166,0.9902840901224846,3.556405525339363,0.20099449157714844,0.0,235.35546875
6,247,0.021467950636524624,0.4256646012288345,0.9902840901224846,3.5584761266138782,0.20174241065979004,0.0,235.35546875
6,248,0.02148861803214569,0.4394600969596372,0.9902840901224846,3.553310137996975,0.20250821113586426,251.95,235.35546875
6,249,0.021471994118563875,0.44084320123572174,0.9902840901224846,3.518271801815637,0.20325469970703125,0.0,235.35546875
6,250,0.021468282959808627,0.43588856073810844,0.9902840901224846,3.489224578987369,0.20400190353393555,0.0,235.35546875
6,251,0.02147204017191673,0.4218070166731314,0.9902840901224852,3.4848909259233687,0.20476078987121582,0.0,235.35546875
6,252,0.02146792321773411,0.4058330276002677,0.9902840901224852,3.4924889619787924,0.20554780960083008,0.0,235.35546875
6,253,0.021473178959301842,0.41589117645064655,0.9902840901224852,3.5103825555365376,0.20629286766052246,0.0,235.35546875
6,254,0.021470298970417412,0.42251039842311655,0.9902840901224852,3.533701726278495,0.20703911781311035,0.0,235.35546875
6,255,0.021468061845167308,0.42700877906891016,0.9902840901224852,3.5352036293204394,0.20778512954711914,0.0,235.35546875
6,256,0.021478305224703287,0.428954156872715,0.9902840901224852,3.5168490463848565,0.20855426788330078,0.0,235.35546875
6,257,0.021493347180322586,0.4397372961043822,0.9902840901224852,3.5260080432750134,0.20930027961730957,0.0,235.35546875
6,258,0.021473466257034834,0.4317192321471785,0.9902840901224852,3.5004823523221513,0.21004462242126465,257.325,235.35546875
6,259,0.02147556580242882,0.41321215407035516,0.9902840901224852,3.438639425352912,0.21078777313232422,0.0,235.35546875
6,260,0.021469014004717457,0.41265345465292136,0.9902840901224852,3.427048440960901,0.21160650253295898,0.0,235.35546875
6,261,0.021472455727069906,0.4208167939309866,0.9902840901224852,3.4556406765216146,0.2123727798461914,0.0,235.35546875
6,262,0.02148497141979916,0.43801971557740876,0.9902840901224852,3.5063238076264485,0.21316027641296387,0.0,235.35546875
6,263,0.021495132589220978,0.44940126094645677,0.9902840901224852,3.5084789433664243,0.21391034126281738,0.0,235.35546875
6,264,0.021468783762047028,0.4500135348423749,0.9902840901224852,3.513683089835026,0.21475553512573242,0.0,235.35546875
6,265,0.02146820169106861,0.4449412169978158,0.9902840901224852,3.5294811754284403,0.21550512313842773,0.0,235.35546875
6,266,0.021477529096491255,0.43918248112377845,0.9902840901224852,3.547507666863834,0.21625494956970215,0.0,235.35546875
6,267,0.02146794059667284,0.4425889714864554,0.9902840901224852,3.5470844841405214,0.21700334548950195,0.0,235.35546875
6,268,0.016154801203431046,0.4425304760329478,0.9902840901224852,3.5078571769797917,0.21784424781799316,233.775,235.35546875
6,269,0.004338651010405814,0.43577272386141575,0.9902840901224852,3.455694784839733,0.21859335899353027,0.0,235.35546875
6,270,0.021489283960869576,0.4362134777151123,0.9902840901224852,3.4300514212528186,0.21934223175048828,0.0,235.35546875
6,271,0.021467910195827777,0.4343791001667129,0.9902840901224855,3.455305394834231,0.22012901306152344,0.0,235.35546875
6,272,0.021468233385382174,0.4454825539925906,0.9902840901224855,3.4693200176861936,0.22089481353759766,0.0,235.35546875
6,273,0.021482362679623557,0.4542721916194101,0.9902840901224855,3.5074132440579184,0.22164177894592285,0.0,235.35546875
6,274,0.021469428826695947,0.4527354606288046,0.9902840901224855,3.5175053133445124,0.22238779067993164,0.0,235.35546875
6,275,0.021469502828530163,0.4503689248908132,0.9902840901224855,3.5140995672678343,0.2231600284576416,0.0,235.35546875
6,276,0.021468111811438928,0.44512667506521725,0.9902840901224855,3.4589067128090045,0.22394800186157227,0.0,235.35546875
6,277,0.02146789989704223,0.43805488260885206,0.9902840901224855,3.4304666378149586,0.22469401359558105,0.0,235.35546875
6,278,0.021475339477532884,0.4324697459893758,0.9902840901224855,3.388004819030988,0.22544074058532715,256.25,235.35546875
6,279,0.021468607459187217,0.4298583457913785,0.9902840901224855,3.4039185088769903,0.22618722915649414,0.0,235.35546875
6,280,0.02146990322813258,0.4386964777335962,0.9902840901224855,3.4582822236223785,0.22698140144348145,0.0,235.35546875
6,281,0.021485118330431763,0.443719862805931,0.9902840901224855,3.489896964939761,0.22772836685180664,0.0,235.35546875
6,282,0.02146793726439583,0.44439725645757017,0.9902840901224856,3.492597977520829,0.2284862995147705,0.0,235.35546875
6,283,0.021469144686392994,0.4422251259175126,0.9902840901224856,3.4962001870405874,0.2292330265045166,0.0,235.35546875
6,284,0.02147203783551982,0.43709544855683735,0.9902840901224856,3.488748623616777,0.23001813888549805,0.0,235.35546875
6,285,0.021468324994714072,0.43857544638713436,0.9902840901224856,3.457723934967505,0.23076391220092773,0.0,235.35546875
6,286,0.021469615787681584,0.4375739482440472,0.9902840901224856,3.4329445954617275,0.23151040077209473,0.0,235.35546875
6,287,0.02146889396414209,0.44977161401554533,0.9902840901224856,3.4464305695582946,0.2322556972503662,0.0,235.35546875
6,288,0.02149613953269286,0.4645586192284011,0.9902840901224856,3.4687215777367366,0.23305583000183105,243.875,235.35546875
6,289,0.02150694819671589,0.45342665258077114,0.9902840901224856,3.483856060300298,0.23380208015441895,0.0,235.35546875
6,290,0.02146911815023983,0.4471339819652011,0.9902840901224856,3.4709292885125804,0.23454713821411133,0.0,235.35546875
6,291,0.021469132753634435,0.4572906214933285,0.9902840901224856,3.483790976392609,0.23532772064208984,0.0,235.35546875
6,292,0.021470458176415574,0.4590936266074989,0.9902840901224856,3.491603444159497,0.2361307144165039,0.0,235.35546875
6,293,0.021467998758488538,0.4579157430194834,0.9902840901224856,3.488285482598289,0.2368781566619873,0.0,235.35546875
6,294,0.021476671441510442,0.46062589415013644,0.9902840901224856,3.4744450571524426,0.2376244068145752,0.0,235.35546875
6,295,0.021487508488811646,0.4484578122459438,0.9902840901224856,3.4480151189549315,0.23837065696716309,0.0,235.35546875
6,296,0.006727573204711679,0.4464798774344733,0.9902840901224856,3.431346592141824,0.23933959007263184,0.0,235.35546875
6,297,0.0029838785066553797,0.44400759102117215,0.9902840901224856,3.4486482987438434,0.24009037017822266,0.0,235.35546875
6,298,0.021468215597497786,0.46057206002023277,0.9902840901224856,3.4853498643971577,0.24083971977233887,255.55,235.35546875
6,299,0.02147389288925544,0.45138555347656595,0.9902840901224856,3.4912005294387143,0.24158811569213867,0.0,235.35546875
6,300,0.021475615881904386,0.43889504922361217,0.9902840901224856,3.484793724505102,0.2427830696105957,0.0,235.35546875
6,301,0.021470290587091767,0.43324447863293014,0.9902840901224856,3.4607408869243286,0.24355769157409668,0.0,235.35546875
6,302,0.021468814391258195,0.4414182524817329,0.9902840901224856,3.4537499609705176,0.24431967735290527,0.0,235.35546875
6,303,0.02149258727517167,0.44791124297725793,0.9902840901224856,3.465909372801272,0.24507403373718262,0.0,235.35546875
6,304,0.021481550414917394,0.4453109307830365,0.9902840901224856,3.4603408165194702,0.24582624435424805,0.0,235.35546875
6,305,0.02148111579264539,0.4331240207328395,0.9902840901224856,3.4266253965359144,0.24657392501831055,0.0,235.35546875
6,306,0.021468675579574104,0.44465169786640707,0.9902840901224856,3.4266538970309983,0.24732303619384766,0.0,235.35546875
6,307,0.021468762337264635,0.4495063186717578,0.9902840901224856,3.452551898474156,0.24807190895080566,0.0,235.35546875
6,308,0.021467901309499493,0.43591256379276117,0.9902840901224856,3.4741323132026563,0.24882173538208008,0.0,235.35546875
6,309,0.021475299210143073,0.4462283477710525,0.9902840901224856,3.496326647222798,0.24957013130187988,0.0,235.35546875
6,310,0.02146959686476413,0.4714741713491526,0.9902840901224856,3.531157270104632,0.250319242477417,0.0,235.35546875
6,311,0.02158474423269202,0.46975432432022035,0.9902840901224856,3.515551470485335,0.2511003017425537,0.0,235.35546875
6,312,0.021472977024291906,0.45266864747675517,0.9902840901224856,3.468272159305472,0.25188231468200684,229.975,235.35546875
6,313,0.02146815102415295,0.4422316993374679,0.9902840901224856,3.398260477172145,0.25263357162475586,0.0,235.35546875
6,314,0.02147231948507561,0.4503634588964976,0.9902840901224856,3.3680896382062637,0.2533857822418213,0.0,235.35546875
6,315,0.021468927862010878,0.4426137619324239,0.9902840901224856,3.3794336247258907,0.2541356086730957,0.0,235.35546875
6,316,0.02147572148063359,0.43997876184413515,0.9902840901224856,3.4233749819091583,0.2548823356628418,0.0,235.35546875
6,317,0.021467899073417895,0.4456071055000606,0.9902840901224856,3.485902182875661,0.25566601753234863,0.0,235.35546875
6,318,0.02146812742374704,0.4668200327626564,0.9902840901224856,3.5053260080420645,0.25641393661499023,0.0,235.35546875
6,319,0.021468067428820736,0.4774040679161423,0.9902840901224856,3.479816671787711,0.25716114044189453,0.0,235.35546875
6,320,0.021477733017168987,0.46684051894139783,0.9902840901224856,3.4406104072947428,0.25790882110595703,0.0,235.35546875
6,321,0.021472498580024257,0.46852439659119205,0.9902840901224856,3.393640458887298,0.25869154930114746,0.0,235.35546875
6,322,0.021468264364367273,0.45858803429245554,0.9902840901224856,3.386817302350156,0.25945615768432617,246.825,235.35546875
6,323,0.021491774858206303,0.46390415732057705,0.9902840901224856,3.4167065494423756,0.2603321075439453,0.0,235.35546875
6,324,0.02146803850158091,0.4643138316454955,0.9902840901224856,3.4589738040347884,0.26108288764953613,0.0,235.35546875
6,325,0.021471470270012893,0.47604495833914345,0.9902840901224856,3.5106280868573743,0.26183032989501953,0.0,235.35546875
6,326,0.021472265013068703,0.47743894795645825,0.9902840901224856,3.5366997648875924,0.26257872581481934,0.0,235.35546875
6,327,0.021467920479380842,0.46589612335832603,0.9902840901224856,3.4993360932870146,0.2633249759674072,0.0,235.35546875
6,328,0.02147148109414082,0.4475164670712726,0.9902840901224856,3.4292609869186492,0.2640714645385742,0.0,235.35546875
6,329,0.021468332493454034,0.45646660808892764,0.9902840901224856,3.386509586976435,0.2648165225982666,0.0,235.35546875
6,330,0.021469956423862624,0.4544170834943386,0.9902840901224856,3.354374026680702,0.2655627727508545,0.0,235.35546875
6,331,0.021478933921440957,0.4527359778592402,0.9902840901224856,3.3590274223478547,0.2663087844848633,0.0,235.35546875
6,332,0.021468009292556045,0.46014047220045884,0.9902840901224856,3.384471983585893,0.2670910358428955,0.0,235.35546875
6,333,0.02146811090012818,0.47215144073223864,0.9902840901224856,3.4772630651675773,0.2678384780883789,0.0,235.35546875
6,334,0.021476533935673336,0.47820824287236796,0.9902840901224856,3.5227563617609006,0.2685866355895996,0.0,235.35546875
6,335,0.021479015618462105,0.47112137386526903,0.9902840901224856,3.5136019812637467,0.2693331241607666,0.0,235.35546875
6,336,0.021471326300813665,0.46695938392989494,0.9902840901224856,3.4996538056503907,0.2700846195220947,252.55,235.35546875
6,337,0.021469941147576777,0.4562021866228834,0.9902840901224856,3.4536592482382353,0.2708313465118408,0.0,235.35546875
6,338,0.021469886205001787,0.4478270599910372,0.9902840901224856,3.398186990918268,0.271575927734375,0.0,235.35546875
6,339,0.021468350132850367,0.4483074793728609,0.9902840901224856,3.3315998037575936,0.2723207473754883,0.0,235.35546875
6,340,0.021469594665524894,0.4451866225327984,0.9902840901224856,3.338231005221398,0.2731287479400635,0.0,235.35546875
6,341,0.021483953637834063,0.45744504372211897,0.9902840901224856,3.368495578998216,0.2738761901855469,0.0,235.35546875
6,342,0.021481961655447912,0.4677900641631653,0.9902840901224856,3.4193523612817525,0.27462267875671387,0.0,235.35546875
6,343,0.021468796342060004,0.4705460183886681,0.9902840901224856,3.4720387244789883,0.27536845207214355,0.0,235.35546875
6,344,0.021487576500663574,0.46010831052764584,0.9902840901224856,3.4646721004202274,0.27612900733947754,0.0,235.35546875
6,345,0.021468023505103295,0.4442452678923113,0.9902840901224856,3.43058104896273,0.27687501907348633,0.0,235.35546875
6,346,0.02147226016216669,0.44704817376156447,0.9902840901224856,3.383318665843313,0.2776200771331787,257.475,235.35546875
6,347,0.021474937174162045,0.45427321304255847,0.9902840901224856,3.37631697650423,0.2783663272857666,0.0,235.35546875
6,348,0.02147080030421461,0.46453229259511797,0.9902840901224856,3.3845267497200195,0.27915310859680176,0.0,235.35546875
6,349,0.021468366368138647,0.4648293601300652,0.9902840901224856,3.4058156288461165,0.27989888191223145,0.0,235.35546875
6,350,0.021468060392293875,0.4647601054475663,0.9902840901224856,3.3940531310943984,0.28064632415771484,0.0,235.35546875
6,351,0.02147219059216332,0.460838274692153,0.9902840901224856,3.3847810135658483,0.28139567375183105,0.0,235.35546875
6,352,0.021468953768911725,0.46937383493081103,0.9902840901224856,3.3831606888409222,0.28215479850769043,0.0,235.35546875
6,353,0.021472317510053907,0.4670533407538911,0.9902840901224856,3.3867175013698074,0.2829020023345947,0.0,235.35546875
6,354,0.021468064585921154,0.4528648939828849,0.9902840901224856,3.3832481063226596,0.2836480140686035,0.0,235.35546875
6,355,0.021471669610669708,0.44966887058663474,0.9902840901224856,3.3646582786127897,0.2843918800354004,0.0,235.35546875
6,356,0.021475298540040544,0.46088516167049487,0.9902840901224856,3.3406032852263525,0.285198450088501,242.375,235.35546875
6,357,0.021476811944332486,0.4608156930704756,0.9902840901224856,3.3392122491989467,0.28600287437438965,0.0,235.35546875
6,358,0.021467903923710785,0.4760197625785808,0.9902840901224856,3.384532936891865,0.28675222396850586,0.0,235.35546875
6,359,0.021468293437687413,0.47840640628416525,0.9902840901224856,3.4225502168658917,0.28750014305114746,0.0,235.35546875
6,360,0.021470865296959907,0.48090449939241453,0.9902840901224856,3.413478275611691,0.2882850170135498,0.0,235.35546875
6,361,0.021469318714802066,0.47585156594380745,0.9902840901224856,3.3972080486834875,0.2890331745147705,0.0,235.35546875
6,362,0.02147611753418094,0.47515757460615726,0.9902840901224856,3.3639151144812893,0.28980422019958496,0.0,235.35546875
6,363,0.01410039409826741,0.46812754798994116,0.9902840901224856,3.310022218056295,0.2905564308166504,0.0,235.35546875
6,364,0.02147007376120663,0.4739738608011594,0.9902840901224856,3.321985762233877,0.29136157035827637,0.0,235.35546875
6,365,0.02146847532912255,0.47989276451313573,0.9902840901224856,3.3513707948404905,0.2921109199523926,0.0,235.35546875
6,366,0.02146790864897108,0.4832438490171106,0.9902840901224856,3.3848881635757677,0.2928590774536133,256.4,235.35546875
6,367,0.02148831703949433,0.4989191661280483,0.9902840901224856,3.4272167541243976,0.2936060428619385,0.0,235.35546875
6,368,0.021470547749070756,0.49066528521398434,0.9902840901224856,3.4336943779541618,0.2944014072418213,0.0,235.35546875
6,369,0.02146833389312336,0.484777378591426,0.9902840901224856,3.427701500334424,0.2951834201812744,0.0,235.35546875
6,370,0.02147134968009684,0.48465995215288565,0.9902840901224856,3.382998568565343,0.2960057258605957,0.0,235.35546875
6,371,0.02146978180545328,0.47223553050186445,0.9902840901224856,3.329337405859181,0.2967548370361328,0.0,235.35546875
6,372,0.021619979160556302,0.4759862255290831,0.9902840901224856,3.289669753496271,0.2975597381591797,0.0,235.35546875
6,373,0.02146939821506605,0.4724221271816977,0.9902840901224856,3.296203377806463,0.2983086109161377,0.0,235.35546875
6,374,0.021468652041407688,0.4713365493425535,0.9902840901224856,3.326648781030983,0.2990565299987793,0.0,235.35546875
6,375,0.02146795322461509,0.4733590838936886,0.9902840901224856,3.374571090924548,0.2998034954071045,0.0,235.35546875
6,376,0.021468084290778955,0.47783725261353743,0.9902840901224856,3.396631619049801,0.3005645275115967,253.025,235.35546875
6,377,0.02147662850240034,0.4778737987301899,0.9902840901224856,3.3697568050016304,0.30131077766418457,0.0,235.35546875
6,378,0.02147120369114708,0.48226756002334775,0.9902840901224856,3.362705651040737,0.30205512046813965,0.0,235.35546875
6,379,0.015897860748038894,0.47983604278794456,0.9902840901224856,3.3254608871729716,0.30280065536499023,0.0,235.35546875
6,380,0.02146855262738906,0.4852593807047023,0.9902840901224856,3.324644520352739,0.3036181926727295,0.0,235.35546875
6,381,0.008254796522932595,0.48326714841959584,0.9902840901224856,3.325800642309329,0.3043651580810547,0.0,235.35546875
6,382,0.021469791329813304,0.47180276241540103,0.9902840901224856,3.3163370527786626,0.305112361907959,0.0,235.35546875
6,383,0.02147074188011938,0.4560103501665468,0.9902840901224856,3.301063307960563,0.305858850479126,0.0,235.35546875
6,384,0.02146789952781275,0.4617920266238676,0.9902840901224856,3.311001964938428,0.3066136837005615,0.0,235.35546875
6,385,0.02151766820269141,0.4772459393996807,0.9902840901224856,3.332280343858005,0.307358980178833,0.0,235.35546875
6,386,0.021474989879559425,0.4786247968500041,0.9902840901224856,3.3363087872641626,0.3081059455871582,256.75,235.35546875
6,387,0.021493102124589936,0.48018943835466177,0.9902840901224856,3.352173117050854,0.3088521957397461,0.0,235.35546875
6,388,0.021468869275616198,0.4927096757966139,0.9902840901224856,3.358863354172574,0.30967092514038086,0.0,235.35546875
6,389,0.021471476519079047,0.5031961664826778,0.9902840901224856,3.3668566428226816,0.31041765213012695,0.0,235.35546875
6,390,0.02147592061330378,0.4861363744685539,0.9902840901224856,3.367357419723994,0.31116366386413574,0.0,235.35546875
6,391,0.021468367695721746,0.46530803651941643,0.9902840901224856,3.3405162271527153,0.31190991401672363,0.0,235.35546875
6,392,0.021531777007048336,0.47995221112867387,0.9902840901224856,3.3319386925534342,0.3127593994140625,0.0,235.35546875
6,393,0.0214706880720118,0.46887781786945254,0.9902840901224856,3.330933066932586,0.3135099411010742,0.0,235.35546875
6,394,0.021468349273378817,0.47955368185264635,0.9902840901224856,3.337185937811432,0.31426000595092773,0.0,235.35546875
6,395,0.02147089780983985,0.48945999945228835,0.9902840901224856,3.3294702443188857,0.31500792503356934,0.0,235.35546875
6,396,0.021467925980098224,0.4905631148517164,0.9902840901224856,3.3165039572184507,0.3159058094024658,222.5,235.35546875
6,397,0.021467914103619368,0.48514476790383515,0.9902840901224856,3.2973784547082414,0.3166542053222656,0.0,235.35546875
6,398,0.0214681057721669,0.49142266094869697,0.9902840901224856,3.305191462118299,0.31740307807922363,0.0,235.35546875
6,399,0.021477411819928627,0.493611531609528,0.9902840901224856,3.314121449124445,0.31815052032470703,0.0,235.35546875
6,400,0.021485282475686374,0.4950058408296137,0.9902840901224856,3.3393192051528717,0.3189530372619629,0.0,235.35546875
6,401,0.021469525155966895,0.4952901399049649,0.9902840901224856,3.3629010622229325,0.32002735137939453,0.0,235.35546875
6,402,0.021471727333815138,0.48757594028400136,0.9902840901224856,3.3782070320761024,0.3210408687591553,0.0,235.35546875
6,403,0.02146838800183737,0.4945753100237054,0.9902840901224856,3.4034755813098827,0.3219623565673828,0.0,235.35546875
6,404,0.021469072526540234,0.4920060555366705,0.9902840901224856,3.4096564410842762,0.32279276847839355,228.625,235.35546875
6,405,0.02147806168267269,0.4914841060763415,0.9902840901224856,3.383074232791857,0.32364964485168457,0.0,235.35546875
6,406,0.021469209005037793,0.49902440590688524,0.9902840901224856,3.3587541105752554,0.324512243270874,0.0,235.35546875
6,407,0.02146792944464232,0.48703422131019775,0.9902840901224856,3.325889029567441,0.32533836364746094,0.0,235.35546875
6,408,0.021468050219155654,0.491076193501568,0.9902840901224856,3.2958700899080404,0.32630491256713867,0.0,235.35546875
6,409,0.014323033769577387,0.4862932669474595,0.9902840901224856,3.308395066630113,0.3274993896484375,0.0,235.35546875
6,410,0.021496881835475046,0.48777390464789205,0.9902840901224856,3.328353637226999,0.3285818099975586,0.0,235.35546875
6,411,0.021471334902574246,0.4942227026063991,0.9902840901224856,3.331195207902872,0.32970738410949707,0.0,235.35546875
6,412,0.021468055503734762,0.4907588684122882,0.9902840901224856,3.335539719339887,0.3306999206542969,169.4,235.35546875
6,413,0.021484219945270333,0.48549929361615385,0.9902840901224856,3.3217787655947855,0.3316185474395752,0.0,235.35546875
6,414,0.02146790068588106,0.49560336445580583,0.9902840901224856,3.329641862594821,0.33239126205444336,0.0,235.35546875
6,415,0.02148138319540277,0.4935373569728445,0.9902840901224856,3.3136914973488705,0.33315038681030273,0.0,235.35546875
6,416,0.021467928118252155,0.4936531605100585,0.9902840901224856,3.296495065798927,0.334003210067749,0.0,235.35546875
6,417,0.021467960571709244,0.5007728177872637,0.9902840901224856,3.328806267844392,0.33478641510009766,0.0,235.35546875
6,418,0.0024738589378643927,0.5052225912989425,0.9902840901224856,3.3831051906557366,0.3355865478515625,0.0,235.35546875
6,419,0.02146900488140352,0.513814857895318,0.9902840901224856,3.417003069237659,0.33638453483581543,0.0,235.35546875
6,420,0.021468047765382026,0.5115009447294944,0.9902840901224856,3.389793124839332,0.33718395233154297,0.0,235.35546875
6,421,0.02149490100386503,0.49471292612303075,0.9902840901224856,3.3216946078517458,0.3379836082458496,240.125,235.35546875
6,422,0.021469802145071104,0.5016503005173727,0.9902840901224856,3.2932306967599394,0.3387792110443115,0.0,235.35546875
6,423,0.02146914805422845,0.49570206544906686,0.9902840901224856,3.2752185365885262,0.33965587615966797,0.0,235.35546875
6,424,0.021557157713031405,0.5008950071989946,0.9902840901224856,3.3008834714428525,0.3404524326324463,0.0,235.35546875
6,425,0.02146996966382886,0.5078220903904458,0.9902840901224856,3.3464411549507123,0.34125709533691406,0.0,235.35546875
6,426,0.0214680038500083,0.5032545039536952,0.9902840901224856,3.360217990997858,0.34235072135925293,0.0,235.35546875
6,427,0.02150615786424709,0.49752037475152516,0.9902840901224856,3.337567532694191,0.3431735038757324,0.0,235.35546875
6,428,0.02146958062168569,0.4875061129624577,0.9902840901224856,3.3024165696501573,0.3440101146697998,0.0,235.35546875
6,429,0.0214795727860706,0.4890535282465317,0.9902840901224856,3.2584427985499214,0.3447866439819336,0.0,235.35546875
6,430,0.021480212526521214,0.48839262008648404,0.9902840901224856,3.264623408301367,0.3456263542175293,233.225,235.35546875
6,431,0.021505912735828303,0.4910895168673303,0.9902840901224856,3.2798025549706886,0.3464019298553467,0.0,235.35546875
6,432,0.02146982043845902,0.49400101356163056,0.9902840901224856,3.2630464613475247,0.3472726345062256,0.0,235.35546875
6,433,0.021467961968633265,0.4901573915471871,0.9902840901224856,3.272327371296472,0.3480679988861084,0.0,235.35546875
6,434,0.022034856991470952,0.49827216715143574,0.9902840901224856,3.305515150001422,0.3488626480102539,0.0,235.35546875
6,435,0.021505100090285556,0.5142031888863805,0.9902840901224856,3.3150274238153075,0.34961795806884766,0.0,235.35546875
6,436,0.021487028338159575,0.5012923175783198,0.9902840901224856,3.286560759695591,0.350369930267334,0.0,235.35546875
6,437,0.02146798711438691,0.48303657171897113,0.9902840901224856,3.245732410919699,0.3511176109313965,0.0,235.35546875
6,438,0.021467937549762117,0.48694601513910213,0.9902840901224856,3.2420712332520325,0.3519573211669922,0.0,235.35546875
6,439,0.021467921670565604,0.4972355771308433,0.9902840901224856,3.281200551891841,0.3527092933654785,0.0,235.35546875
6,440,0.0024946819522002617,0.49204656939596725,0.9902840901224856,3.284619482605467,0.35346484184265137,254.5,235.35546875
6,441,0.00395995068092464,0.49623453918961824,0.9902840901224856,3.283942450574122,0.35433173179626465,0.0,235.35546875
6,442,0.021471524186991997,0.4933556836116919,0.9902840901224856,3.264037459639295,0.35517001152038574,0.0,235.35546875
6,443,0.021477589221998217,0.4936354346305699,0.9902840901224856,3.2412743401989808,0.35592150688171387,0.0,235.35546875
6,444,0.021468958130417937,0.5051691579984909,0.9902840901224856,3.256623289519558,0.356670618057251,0.0,235.35546875
6,445,0.021468718898851658,0.5059005122226126,0.9902840901224856,3.257679446899578,0.3574197292327881,0.0,235.35546875
6,446,0.021469787885030844,0.4944964030465845,0.9902840901224856,3.265365174957387,0.3582336902618408,0.0,235.35546875
6,447,0.021468561297914912,0.4940714315537375,0.9902840901224856,3.3130356991185512,0.358980655670166,0.0,235.35546875
6,448,0.021472834615486158,0.49301730181539305,0.9902840901224856,3.3433015594055964,0.35976529121398926,0.0,235.35546875
6,449,0.021491119287702032,0.4968397854488225,0.9902840901224856,3.3202180849920464,0.360518217086792,0.0,235.35546875
6,450,0.021473750993918572,0.5018689044596281,0.9902840901224856,3.309536167320531,0.3613286018371582,240.9,235.35546875
6,451,0.021468057499467397,0.487334491798363,0.9902840901224856,3.279331790549573,0.36208224296569824,0.0,235.35546875
6,452,0.02153141854279994,0.49199020834305396,0.9902840901224856,3.2410591373466606,0.36283159255981445,0.0,235.35546875
6,453,0.02149828953873245,0.47997658664299364,0.9902840901224856,3.1757485828415195,0.36357903480529785,0.0,235.35546875
6,454,0.02146792306954659,0.4917457231278156,0.9902840901224856,3.1796225225157544,0.36437296867370605,0.0,235.35546875
6,455,0.02148004130563641,0.5064170657689042,0.9902840901224856,3.205715613108165,0.36512136459350586,0.0,235.35546875
6,456,0.021469217999050216,0.4959453556328223,0.9902840901224856,3.248549286056946,0.3659029006958008,0.0,235.35546875
6,457,0.021467981909950584,0.4993114189681962,0.9902840901224856,3.3057903038404994,0.36668896675109863,0.0,235.35546875
6,458,0.02146835350758103,0.5049439511896531,0.9902840901224856,3.361335126356239,0.3674967288970947,0.0,235.35546875
6,459,0.02148142596615632,0.5139808922436739,0.9902840901224856,3.391006627052541,0.36824917793273926,0.0,235.35546875
6,460,0.02148926897198633,0.5080335942806931,0.9902840901224856,3.3645025631299674,0.36899757385253906,256.425,235.35546875
6,461,0.02147088738182301,0.48995524068058455,0.9902840901224856,3.288082935462113,0.36974620819091797,0.0,235.35546875
6,462,0.021475064411748734,0.4884632529440591,0.9902840901224856,3.21815814734871,0.37058138847351074,0.0,235.35546875
6,463,0.0214691527039782,0.48848790821243243,0.9902840901224856,3.198026945070551,0.37132787704467773,0.0,235.35546875
6,464,0.02147177774981429,0.4963013423323954,0.9902840901224856,3.2226869991634466,0.37207627296447754,0.0,235.35546875
6,465,0.02150429633972828,0.5141730702154332,0.9902840901224856,3.2718137063211916,0.37282299995422363,0.0,235.35546875
6,466,0.02149429279455778,0.509070917943409,0.9902840901224856,3.285637587144096,0.3736441135406494,0.0,235.35546875
6,467,0.021483991524564372,0.5041292988031835,0.9902840901224856,3.2644675106334535,0.37442660331726074,0.0,235.35546875
6,468,0.021467947778070706,0.4986889363201699,0.9902840901224856,3.2308171032815935,0.3751797676086426,0.0,235.35546875
6,469,0.021479401125978403,0.506474981396201,0.9902840901224856,3.2427673583342767,0.3759274482727051,0.0,235.35546875
6,470,0.021473880512925203,0.5134117389963666,0.9902840901224856,3.269628445924631,0.376727819442749,242.925,235.35546875
6,471,0.021468507379015456,0.5065994440960916,0.9902840901224856,3.2696573493604086,0.37747716903686523,0.0,235.35546875
6,472,0.021469015499614108,0.4970113648154677,0.9902840901224856,3.236379750912569,0.37822461128234863,0.0,235.35546875
6,473,0.021475494807665307,0.4943487746914361,0.9902840901224856,3.2339560616744105,0.37897205352783203,0.0,235.35546875
6,474,0.02147081827792785,0.4896383401008804,0.9902840901224856,3.2619672633508183,0.3797929286956787,0.0,235.35546875
6,475,0.02146796019793412,0.5030006002055148,0.9902840901224856,3.292013349153743,0.380540132522583,0.0,235.35546875
6,476,0.021474077167532413,0.5160391527684136,0.9902840901224856,3.310304583615359,0.3812873363494873,0.0,235.35546875
6,477,0.02147411635655494,0.5160131330231675,0.9902840901224856,3.298537478551014,0.38205766677856445,0.0,235.35546875
6,478,0.021468760840367196,0.5040604637926177,0.9902840901224856,3.2872482822010842,0.38288331031799316,0.0,235.35546875
6,479,0.021530897764490076,0.5064295942104827,0.9902840901224856,3.265138622130188,0.3836331367492676,0.0,235.35546875
6,480,0.021468032827564876,0.5082903160192618,0.9902840901224856,3.2589614027771168,0.384427547454834,245.15,235.35546875
6,481,0.021502798893934416,0.501885271785724,0.9902840901224856,3.2448601903876986,0.3851809501647949,0.0,235.35546875
6,482,0.02146795209351199,0.4994896701882493,0.9902840901224856,3.2440027621487775,0.386019229888916,0.0,235.35546875
6,483,0.0214684530356829,0.49311137730546145,0.9902840901224856,3.256661733585863,0.38676977157592773,0.0,235.35546875
6,484,0.021467964491514835,0.5003042565436158,0.9902840901224856,3.2709379039364044,0.38751816749572754,0.0,235.35546875
6,485,0.021470840117679357,0.504485485408195,0.9902840901224856,3.283194610738985,0.38826751708984375,0.0,235.35546875
6,486,0.02147202511716978,0.5105015598097482,0.9902840901224856,3.325621853955684,0.38903379440307617,0.0,235.35546875
6,487,0.021469750112976804,0.5064027538143844,0.9902840901224856,3.326154127351276,0.38978052139282227,0.0,235.35546875
6,488,0.021473151069065832,0.5129311153058319,0.9902840901224856,3.3062120354408946,0.39052581787109375,0.0,235.35546875
6,489,0.021468392348669207,0.511652151692278,0.9902840901224856,3.2677378482351878,0.39127230644226074,0.0,235.35546875
6,490,0.02146797773778819,0.4972911008425831,0.9902840901224856,3.221187151187869,0.3921205997467041,232.4,235.35546875
6,491,0.021467935998535637,0.4935225519850665,0.9902840901224856,3.190282037907159,0.39290332794189453,0.0,235.35546875
6,492,0.02146805837107718,0.4996107759447247,0.9902840901224856,3.176030788235278,0.3936500549316406,0.0,235.35546875
6,493,0.021510316279889974,0.5063657967495063,0.9902840901224856,3.2064227618496317,0.39439845085144043,0.0,235.35546875
6,494,0.021472527587381274,0.51993879067986,0.9902840901224856,3.2714193467414936,0.39520716667175293,0.0,235.35546875
6,495,0.021468763229325782,0.5210614461041587,0.9902840901224856,3.3049289010131617,0.3959541320800781,0.0,235.35546875
6,496,0.021470582722057818,0.5098070675787608,0.9902840901224856,3.2638382326754187,0.3967013359069824,0.0,235.35546875
6,497,0.021478065687604186,0.5094675724372347,0.9902840901224856,3.2509343167356977,0.3974487781524658,0.0,235.35546875
6,498,0.02146979026148177,0.5049115816066369,0.9902840901224856,3.250535435709191,0.3982706069946289,0.0,235.35546875
6,499,0.021515305058940892,0.4957417792866576,0.9902840901224856,3.2319360060840503,0.3990187644958496,0.0,235.35546875
6,500,0.021467911340359136,0.49549850855480654,0.9902840901224856,3.208575015179075,0.3997669219970703,256.725,235.35546875
