strategy,generation,min_fitness,mean_fitness,max_fitness,time_per_gen,total_time,cpu_percent,memory_used_MB,mean_diversity,mutation_rate,reinitializations
5,1,0.49870857883755565,0.5000501801926918,0.5071799881275099,0.023903846740722656,0.023903846740722656,20.825,390.1640625,247.8679811134321,0.1,0
5,2,0.49870997601200373,0.5000148011796999,0.5069535501312648,0.023640155792236328,0.047544002532958984,30.975,390.1640625,235.80362847602575,0.1,0
5,3,0.49870834456557644,0.49983879510090207,0.5008033106065897,0.024777650833129883,0.07232165336608887,19.7,390.1640625,215.64777769604413,0.1,0
5,4,0.4987085468722532,0.4998184394985127,0.5007787669477642,0.02428746223449707,0.09660911560058594,30.15,390.1640625,180.70186585127914,0.1,0
5,5,0.49883166636784404,0.499663195946014,0.5006311122975289,0.024060964584350586,0.12067008018493652,20.325,390.1640625,138.83214530299688,0.1,0
5,6,0.4988169123070267,0.49958472392866604,0.5005189097992102,0.02421736717224121,0.14488744735717773,30.3,390.1640625,49.773536278237145,0.1,0
5,7,0.49881562748888764,0.4995372681601532,0.5007147158270312,0.024431228637695312,0.16931867599487305,19.95,390.1640625,0.9300116237756292,0.15000000000000002,0
5,8,0.4988160991593576,0.4995343202281088,0.5010883071065688,0.023831605911254883,0.19315028190612793,20.5,390.1640625,1.0111727435961775,0.22500000000000003,0
5,9,0.4988155580765593,0.4995225322319539,0.501037473470642,0.026491880416870117,0.21964216232299805,27.425,390.1640625,1.3199255926537474,0.3375,0
5,10,0.4988153154109528,0.49954452519663534,0.501103839771608,0.025414228439331055,0.2450563907623291,28.75,390.1640625,1.8135467396737641,0.5062500000000001,0
5,11,0.4988152980643441,0.49960215757202425,0.5011337962504119,0.02451467514038086,0.26957106590270996,19.9,390.1640625,2.621466796478736,0.7593750000000001,0
5,12,0.49881526547520305,0.499858994423861,0.5012345174873231,0.023398160934448242,0.2929692268371582,31.3,390.1640625,3.952421794149362,1.1390625,0
5,13,0.4987325582162476,0.5000015343526818,0.5012362416612919,0.02400064468383789,0.3169698715209961,20.375,390.1640625,5.94306544694303,1.1390625,0
5,14,0.4987606312349071,0.49997820404090987,0.501234998516072,0.0234835147857666,0.3404533863067627,31.05,390.1640625,6.912957429573372,1.1390625,0
5,15,0.49871347365265856,0.49999864272084155,0.5012351941593375,0.023180007934570312,0.363633394241333,21.0,390.1640625,7.531977783250855,1.1390625,0
5,16,0.4987511120920905,0.4999632652550234,0.5013489423145693,0.023521900177001953,0.38715529441833496,20.675,390.1640625,7.985631575347672,1.1390625,0
5,17,0.49872233694982715,0.49993223643342843,0.501317972851838,0.02364206314086914,0.4107973575592041,30.9,390.1640625,8.06943496930695,1.1390625,0
5,18,0.49871167913597453,0.49999218110754334,0.5012362891944271,0.023348331451416016,0.4341456890106201,20.9,390.1640625,8.324373510716157,1.1390625,0
5,19,0.4987099245776899,0.49999433692722384,0.5012367794448562,0.023181438446044922,0.45732712745666504,31.6,390.1640625,8.6346877964698,1.1390625,0
5,20,0.49863184714799424,0.49998848176511806,0.5013431721600774,0.023021936416625977,0.480349063873291,31.75,390.1640625,8.908887573243861,1.1390625,0
5,21,0.49877497920499514,0.5000167395281947,0.5012358497315902,0.023483991622924805,0.5038330554962158,20.775,390.1640625,8.911506342885385,1.1390625,0
5,22,0.49870846635159555,0.5000557514390114,0.5012685568641432,0.023458242416381836,0.5272912979125977,20.775,390.1640625,9.02966046559365,1.1390625,0
5,23,0.49870900687242303,0.4999953574697516,0.5013356893177137,0.023327350616455078,0.5506186485290527,31.3,390.1640625,9.127382433265293,1.1390625,0
5,24,0.4987084465116154,0.49991514336267956,0.5013418475655903,0.02385091781616211,0.5744695663452148,20.4,390.1640625,9.018779041489413,1.1390625,0
5,25,0.49871730479817367,0.4999736604814294,0.5013446695054711,0.023485183715820312,0.5979547500610352,30.975,390.1640625,9.060971268417179,1.1390625,0
5,26,0.4987096434125759,0.5000068104344307,0.5013189284148982,0.02392101287841797,0.6218757629394531,20.375,390.1640625,9.209386280497018,1.1390625,0
5,27,0.4987099315752611,0.5000052384324757,0.5013495870013999,0.024486541748046875,0.6463623046875,29.925,390.1640625,9.271904536802905,1.1390625,0
5,28,0.4987129406849745,0.4999646162349194,0.5013478662102903,0.023745059967041016,0.670107364654541,20.55,390.1640625,9.418086983051168,1.1390625,0
5,29,0.49870937575748414,0.49997863479796156,0.5013476031675604,0.02338409423828125,0.6934914588928223,20.825,390.1640625,9.547595575638702,1.1390625,0
5,30,0.49870954682608526,0.4999810560229004,0.5013994471001283,0.0234527587890625,0.7169442176818848,30.875,390.1640625,9.515913311887578,1.1390625,0
5,31,0.4987084429699754,0.4999959217897621,0.5013396965534636,0.023324251174926758,0.7402684688568115,20.925,390.1640625,9.511504592519435,1.1390625,0
5,32,0.4986493653312214,0.4999840252258575,0.5013473792035494,0.023767709732055664,0.7640361785888672,30.8,390.1640625,9.523048118741945,1.1390625,0
5,33,0.4986602694418606,0.5000035803631676,0.5013493853240611,0.02328324317932129,0.7873194217681885,20.95,390.1640625,9.314299871381378,1.1390625,0
5,34,0.4985899240905717,0.500008911593542,0.5013463903562034,0.02393031120300293,0.8112497329711914,30.6,390.1640625,9.213630552682869,1.1390625,0
5,35,0.49871301768211435,0.5000281308643697,0.5013465361603099,0.023330211639404297,0.8345799446105957,20.875,390.1640625,9.24392837405621,1.1390625,0
5,36,0.498611787915173,0.5000228292471257,0.5013483971443229,0.023712873458862305,0.858292818069458,20.475,390.1640625,9.464582331438642,1.1390625,0
5,37,0.4985952789800097,0.49993383612894104,0.5012367776084827,0.023598909378051758,0.8818917274475098,30.925,390.1640625,9.405113070221308,1.1390625,0
5,38,0.4987222308919584,0.5000348657664848,0.5013410114761172,0.023649215698242188,0.905540943145752,20.575,390.1640625,9.417228969546091,1.1390625,0
5,39,0.498708769591443,0.5000248349428911,0.5013155847031673,0.023417234420776367,0.9289581775665283,31.225,390.1640625,9.449466979970317,1.1390625,0
5,40,0.4987118031281944,0.49994686538823524,0.5013455101649956,0.023429393768310547,0.9523875713348389,20.8,390.1640625,9.631735817415201,1.1390625,0
5,41,0.49871475262534903,0.5000749870784865,0.5013490218492681,0.02352762222290039,0.9759151935577393,31.075,390.1640625,9.722846284950016,1.1390625,0
5,42,0.49871001590757597,0.5000036557625551,0.5013448725066597,0.023807287216186523,0.9997224807739258,20.5,390.1640625,9.763038425448418,1.1390625,0
5,43,0.4987100232365803,0.5000683026147534,0.5013450393934027,0.024219751358032227,1.023942232131958,20.15,390.1640625,9.651623508642391,1.1390625,0
5,44,0.4987083431829442,0.49999540530728176,0.5012978088482456,0.025318384170532227,1.0492606163024902,28.925,390.1640625,9.46601934721308,1.1390625,0
5,45,0.4987083493918158,0.5000445939434183,0.5013423193738147,0.024438858032226562,1.0736994743347168,29.775,390.1640625,9.504752039038994,1.1390625,0
5,46,0.49870869117574607,0.5000038866902922,0.5012352934115034,0.02404332160949707,1.0977427959442139,20.125,390.1640625,9.483408390873773,1.1390625,0
5,47,0.49871063259535126,0.500024751292325,0.5012354317533271,0.024018049240112305,1.1217608451843262,20.3,390.1640625,9.479107517539694,1.1390625,0
5,48,0.49870899935250596,0.499951741383228,0.5012350174853122,0.023530960083007812,1.145291805267334,31.05,390.1640625,9.336177073393873,1.1390625,0
5,49,0.4987190935408436,0.49999126094108165,0.5012352926425683,0.02351856231689453,1.1688103675842285,20.7,390.1640625,9.310051143205358,1.1390625,0
5,50,0.4987488465653725,0.5000661859377913,0.5012367802922715,0.024188995361328125,1.1929993629455566,30.175,390.1640625,9.295168884292078,1.1390625,0
5,51,0.49871726915985126,0.5000398551956765,0.5012356032927942,0.02684783935546875,1.2198472023010254,27.225,390.1640625,9.307944036352147,1.1390625,0
5,52,0.49871037582186584,0.49998272796950416,0.5012367801932907,0.02324986457824707,1.2430970668792725,20.95,390.1640625,9.321704125810856,1.1390625,0
5,53,0.49870856071454134,0.5000033531265813,0.5012366414073577,0.023364543914794922,1.2664616107940674,31.225,390.1640625,9.28211027609239,1.1390625,0
5,54,0.49872349572646546,0.49991486682749964,0.5012510780693463,0.02411627769470215,1.2905778884887695,20.2,390.1640625,9.322650761858698,1.1390625,0
5,55,0.49870966492605545,0.4999394939954124,0.5012360903907551,0.02382183074951172,1.3143997192382812,30.575,390.1640625,9.15664486903947,1.1390625,0
5,56,0.49872930379970737,0.5000462926126863,0.5013179402335407,0.02323126792907715,1.3376309871673584,20.875,390.1640625,9.203415196122707,1.1390625,0
5,57,0.4987622660076538,0.49996551830353625,0.5013474940905356,0.023590087890625,1.3612210750579834,20.6,390.1640625,9.194589084723225,1.1390625,0
5,58,0.4987780303684311,0.49996172990939436,0.5012813226176673,0.023643016815185547,1.384864091873169,30.9,390.1640625,9.045431936276417,1.1390625,0
5,59,0.49859364395871725,0.4999177008523146,0.5012367194547922,0.02382659912109375,1.4086906909942627,20.45,390.1640625,9.030653877974045,1.1390625,0
5,60,0.49870858068533286,0.49996931102839026,0.5012666483127479,0.0265047550201416,1.4351954460144043,27.275,390.1640625,9.064174134722508,1.1390625,0
5,61,0.4987100492192993,0.5000473804138581,0.501236395949215,0.025272130966186523,1.4604675769805908,28.85,390.1640625,8.998317231413624,1.1390625,0
5,62,0.4987299806594623,0.5000259276786493,0.5012367321788379,0.02425551414489746,1.4847230911254883,20.05,390.1640625,9.006754675785539,1.1390625,0
5,63,0.49870834546038917,0.5000608472366095,0.501299723105625,0.0235598087310791,1.5082828998565674,30.925,390.1640625,9.138588878068825,1.1390625,0
5,64,0.4987083951023901,0.500011335127148,0.501344778355737,0.02332592010498047,1.5316088199615479,20.8,390.1640625,9.17094281262324,1.1390625,0
5,65,0.49871884755435936,0.49997778512322855,0.5013169166082874,0.024515390396118164,1.556124210357666,29.7,390.1640625,9.296183071086583,1.1390625,0
5,66,0.49871782401738024,0.49993094483824285,0.501317797638197,0.02470564842224121,1.5808298587799072,19.675,390.1640625,9.268047345120006,1.1390625,0
5,67,0.49871192978346235,0.5000111156880463,0.501236503995396,0.024386167526245117,1.6052160263061523,29.925,390.1640625,9.017300567680149,1.1390625,0
5,68,0.49870877327875873,0.49999366883220214,0.5013489737745822,0.023383617401123047,1.6285996437072754,20.75,390.1640625,9.117275139652175,1.1390625,0
5,69,0.49871769113793907,0.4999633201122345,0.5013495843972685,0.023845672607421875,1.6524453163146973,30.5,390.1640625,9.201120994631992,1.1390625,0
5,70,0.4987312076838633,0.5000060962846812,0.5012896036488093,0.0260159969329834,1.6784613132476807,18.75,390.1640625,9.222117221987084,1.1390625,0
5,71,0.4987090172677806,0.49998649517857385,0.5012957106818922,0.024214982986450195,1.7026762962341309,30.1,390.1640625,9.285778837871993,1.1390625,0
5,72,0.49870938993182556,0.49993993920778723,0.5013494410451236,0.023281097412109375,1.7259573936462402,20.825,390.1640625,9.415817756584131,1.1390625,0
5,73,0.49870966193131955,0.500030955944711,0.5013456345238599,0.02328324317932129,1.7492406368255615,20.825,390.1640625,9.353477403150658,1.1390625,0
5,74,0.4987086566644123,0.49992722559439834,0.5013323451555602,0.023649215698242188,1.7728898525238037,30.65,390.1640625,9.236851395405997,1.1390625,0
5,75,0.49870878341639996,0.4999987999717031,0.5013495681377796,0.023537397384643555,1.7964272499084473,20.625,390.1640625,9.348833019140406,1.1390625,0
5,76,0.498708853704571,0.5000302548384944,0.5012367341941656,0.02335047721862793,1.8197777271270752,31.225,390.1640625,9.497865600364007,1.1390625,0
5,77,0.4987088987145662,0.500047070228729,0.5012354193049455,0.02363872528076172,1.843416452407837,20.575,390.1640625,9.53499507646961,1.1390625,0
5,78,0.49871550419899,0.49999150952166027,0.5012364944457575,0.023444175720214844,1.8668606281280518,31.1,390.1640625,9.441653892056364,1.1390625,0
5,79,0.4987101652097645,0.5000463767827722,0.5013098875710068,0.02358388900756836,1.8904445171356201,20.625,390.1640625,9.420431420061794,1.1390625,0
5,80,0.49872972878821337,0.5000082460473633,0.5012367802988217,0.02373671531677246,1.9141812324523926,20.475,390.1640625,9.453985934548031,1.1390625,0
5,81,0.4987096947570975,0.49996865775439303,0.5012358144529581,0.02326822280883789,1.9374494552612305,31.325,390.1640625,9.339346444768172,1.1390625,0
5,82,0.49871036952928455,0.5000080934197203,0.501329776728792,0.023673057556152344,1.9611225128173828,20.55,390.1640625,9.23773873870002,1.1390625,0
5,83,0.49870901208348517,0.5000241167292698,0.5013234467564331,0.02334904670715332,1.9844715595245361,31.225,390.1640625,9.20855543595812,1.1390625,0
5,84,0.498591016501294,0.500046706891438,0.501329233241176,0.023483753204345703,2.007955312728882,20.7,390.1640625,9.38756182039841,1.1390625,0
5,85,0.49870851459266535,0.5000000970485022,0.5012362472088995,0.024662017822265625,2.0326173305511475,29.6,390.1640625,9.299887786269489,1.1390625,0
5,86,0.49871504060651883,0.5000156709759468,0.5012367380362853,0.02372264862060547,2.056339979171753,20.45,390.1640625,9.389515511304152,1.1390625,0
5,87,0.49870834209773934,0.4998918229022072,0.5013371453475908,0.023777008056640625,2.0801169872283936,30.55,390.1640625,9.383650020836495,1.1390625,0
5,88,0.49858928919166257,0.4999976091205893,0.5013495597088806,0.02374720573425293,2.1038641929626465,20.45,390.1640625,9.489817863099347,1.1390625,0
5,89,0.4987102359602816,0.49994410964211766,0.5013478543279011,0.023499727249145508,2.127363920211792,20.675,390.1640625,9.467369651140727,1.1390625,0
5,90,0.4987083384508433,0.5000426783697995,0.5013318105695295,0.023280620574951172,2.150644540786743,31.3,390.1640625,9.317453560573718,1.1390625,0
5,91,0.49870834300690653,0.5000400585506246,0.501348692215533,0.023611068725585938,2.174255609512329,20.475,390.1640625,9.203344057676514,1.1390625,0
5,92,0.4986161766958629,0.500023158236253,0.5013486226714361,0.023502349853515625,2.1977579593658447,30.775,390.1640625,9.365279186130476,1.1390625,0
5,93,0.49870885066479304,0.49998302537123557,0.5013468338165566,0.023433923721313477,2.221191883087158,20.725,390.1640625,9.328686305305258,1.1390625,0
5,94,0.49871007788904276,0.5000458081570476,0.5013495293116582,0.02307891845703125,2.2442708015441895,21.025,390.1640625,9.472800178289278,1.1390625,0
5,95,0.49870850437942543,0.4999932404129801,0.50134954331552,0.024470090866088867,2.2687408924102783,29.7,390.1640625,9.526468275486666,1.1390625,0
5,96,0.49871607686876307,0.49998799167292485,0.5013495736125163,0.02365899085998535,2.2923998832702637,20.5,390.1640625,9.61256765816742,1.1390625,0
5,97,0.49860105287341816,0.49997984453095884,0.5013474700214408,0.024172067642211914,2.3165719509124756,30.15,390.1640625,9.583705182252862,1.1390625,0
5,98,0.49859494960969775,0.500024312014713,0.5013490934994738,0.023607254028320312,2.340179204940796,20.55,390.1640625,9.466336532877895,1.1390625,0
5,99,0.4987083405349903,0.4999986636720908,0.5013495868514916,0.02380824089050293,2.363987445831299,30.6,390.1640625,9.368614794039056,1.1390625,0
5,100,0.49859242472509907,0.49994250775598564,0.5013485402561912,0.023237943649291992,2.387225389480591,20.875,390.1640625,9.333674445631742,1.1390625,0
5,101,0.4986639583046967,0.4999278839261889,0.5013489928640135,0.027022361755371094,2.414247751235962,26.975,390.1640625,9.3797521464706,1.1390625,0
5,102,0.49870833797462805,0.5000023471578163,0.5013475378193974,0.023379087448120117,2.437626838684082,31.125,390.1640625,9.459173739237974,1.1390625,0
5,103,0.49870851328638643,0.500016870659328,0.5012827265248994,0.023821592330932617,2.4614484310150146,20.375,390.1640625,9.34844495850996,1.1390625,0
5,104,0.49870845593681573,0.5000510492843018,0.5013183995128696,0.023461341857910156,2.484909772872925,31.025,390.1640625,9.14912347808176,1.1390625,0
5,105,0.49868577772758677,0.5000345864599537,0.5013468929079247,0.02344202995300293,2.5083518028259277,20.7,390.1640625,9.259511302056573,1.1390625,0
5,106,0.49859716566585033,0.49992292202633876,0.501345452554984,0.023868083953857422,2.532219886779785,30.475,390.1640625,9.175978062699526,1.1390625,0
5,107,0.49863158897642357,0.4999814587705629,0.5013494288447556,0.023990392684936523,2.5562102794647217,20.225,390.1640625,9.209631503360532,1.1390625,0
5,108,0.49860617029441656,0.4999913648681137,0.5013480277580056,0.02384495735168457,2.5800552368164062,20.35,390.1640625,9.224753977438592,1.1390625,0
5,109,0.4987105921722349,0.4999811223072822,0.5013495446053541,0.02382683753967285,2.603882074356079,30.45,390.1640625,9.424909908895275,1.1390625,0
5,110,0.49859888490206156,0.5000073094920963,0.5013486026967338,0.027845144271850586,2.6317272186279297,25.925,390.1640625,9.462492811185532,1.1390625,0
5,111,0.4985994506616181,0.5000424410492664,0.5014443634647578,0.025951623916625977,2.6576788425445557,28.0,390.1640625,9.402114339013458,1.1390625,0
5,112,0.498595601337653,0.5000381303363051,0.5013495406407689,0.02408909797668457,2.6817679405212402,20.025,390.1640625,9.178748264459038,1.1390625,0
5,113,0.49865112967102665,0.4999908950084564,0.501349499740366,0.023408889770507812,2.705176830291748,31.05,390.1640625,9.03738182294257,1.1390625,0
5,114,0.4987083412512562,0.4999802257899366,0.5013495848823744,0.02432084083557129,2.7294976711273193,19.975,390.1640625,8.93011671478814,1.1390625,0
5,115,0.49858924871847937,0.500058095881386,0.5013432868251327,0.023758411407470703,2.75325608253479,30.6,390.1640625,8.906159266070372,1.1390625,0
5,116,0.4986620902922806,0.5000003294818727,0.5013485333588372,0.023868083953857422,2.7771241664886475,20.325,390.1640625,8.770386402945812,1.1390625,0
5,117,0.49870843831528033,0.5001117150663902,0.5014644575984669,0.023532867431640625,2.800657033920288,20.6,390.1640625,8.933334484901312,1.1390625,0
5,118,0.49859136166358053,0.5000183001745426,0.501410549534392,0.023334503173828125,2.823991537094116,31.05,390.1640625,9.150621737645551,1.1390625,0
5,119,0.4987083727330131,0.5000312151349269,0.5013469486757218,0.023476362228393555,2.8474678993225098,20.6,390.1640625,9.170178750611488,1.1390625,0
5,120,0.49869165553688866,0.4999830605850723,0.5013492828902907,0.023446321487426758,2.8709142208099365,30.925,390.1640625,9.166104536007301,1.1390625,0
5,121,0.49858955555259105,0.4999318023550385,0.5013453851044156,0.023331642150878906,2.8942458629608154,20.75,390.1640625,9.330715117975386,1.1390625,0
5,122,0.49860460690458497,0.5000616794081412,0.5013493982387349,0.023351192474365234,2.9175970554351807,31.125,390.1640625,9.409729533849516,1.1390625,0
5,123,0.49870872005187755,0.50007493002338,0.5014736786102792,0.02347588539123535,2.941072940826416,20.65,390.1640625,9.247259000549178,1.1390625,0
5,124,0.49870837830456066,0.49995838326955017,0.5013427688526004,0.02326059341430664,2.9643335342407227,20.7,390.1640625,9.143967587945651,1.1390625,0
5,125,0.49859313434927804,0.49998814277004,0.5013457380000537,0.024587631225585938,2.9889211654663086,29.6,390.1640625,9.043268532044106,1.1390625,0
5,126,0.4985908679418951,0.5000531141403617,0.5013475123483663,0.024187326431274414,3.013108491897583,19.925,390.1640625,9.053740236816475,1.1390625,0
5,127,0.49858947065520903,0.4999555763643147,0.5014623601956666,0.023728370666503906,3.036836862564087,30.625,390.1640625,9.14843411899322,1.1390625,0
5,128,0.4987084391843113,0.49999579853814957,0.5013358901212824,0.02379608154296875,3.0606329441070557,20.3,390.1640625,9.139055460745038,1.1390625,0
5,129,0.49870834667481606,0.5000150711390791,0.5013323939887637,0.023426294326782227,3.084059238433838,31.0,390.1640625,9.084839431731675,1.1390625,0
5,130,0.4987085134826547,0.4999475811757294,0.5013455872582907,0.023473024368286133,3.107532262802124,20.625,390.1640625,9.081287225939192,1.1390625,0
5,131,0.49870871237781783,0.5000218677065041,0.5013493815069471,0.0236361026763916,3.1311683654785156,30.75,390.1640625,9.049217877663803,1.1390625,0
5,132,0.4985925826204889,0.49999755946773006,0.5013402736697913,0.023590564727783203,3.154758930206299,20.5,390.1640625,9.014838999025379,1.1390625,0
5,133,0.4987083966465255,0.5000238127324512,0.5013368205186404,0.023444414138793945,3.1782033443450928,30.975,390.1640625,9.140397186942424,1.1390625,0
5,134,0.498618205327104,0.5000715801003649,0.5013493908637872,0.023374080657958984,3.2015774250030518,20.65,390.1640625,9.253465246594235,1.1390625,0
5,135,0.49861024485498995,0.5000257195872068,0.5013245453464019,0.024189233779907227,3.225766658782959,20.025,390.1640625,9.344432244283846,1.1390625,0
5,136,0.498708427778872,0.4999206361201308,0.5013264746773803,0.023739099502563477,3.2495057582855225,30.55,390.1640625,9.306492706272559,1.1390625,0
5,137,0.4986424773873547,0.49994657560155603,0.5014088162691938,0.023374557495117188,3.2728803157806396,20.55,390.1640625,9.1594135041986,1.1390625,0
5,138,0.49870837100892446,0.5000630485963495,0.5013335821538643,0.023445844650268555,3.296326160430908,20.6,390.1640625,9.232555014265005,1.1390625,0
5,139,0.49871086208477045,0.4999708554626842,0.5012367730604501,0.02326488494873047,3.3195910453796387,31.1,390.1640625,9.141726281260361,1.1390625,0
5,140,0.4987085398163849,0.5000298107912043,0.5013363044272023,0.023546457290649414,3.343137502670288,20.475,390.1640625,9.175525282993604,1.1390625,0
5,141,0.4985925823626739,0.5000659375706388,0.5013359909820405,0.02340388298034668,3.3665413856506348,31.025,390.1640625,9.256685080709325,1.1390625,0
5,142,0.4987090830515504,0.49987286579218954,0.5012358555354784,0.023267745971679688,3.3898091316223145,20.775,390.1640625,9.085621691939272,1.1390625,0
5,143,0.49870836108658195,0.4999348320739951,0.5013344753312368,0.023589134216308594,3.413398265838623,20.525,390.1640625,9.305221997754686,1.1390625,0
5,144,0.49861161496403694,0.5000479052122726,0.501347536113707,0.023717164993286133,3.437115430831909,30.575,390.1640625,9.274262765112665,1.1390625,0
5,145,0.49870910106682553,0.4999718365133009,0.5013477206427188,0.023533105850219727,3.460648536682129,20.55,390.1640625,9.358407340992136,1.1390625,0
5,146,0.498708338666813,0.500032077782967,0.5013253614949486,0.023596525192260742,3.4842450618743896,30.75,390.1640625,9.329810841113632,1.1390625,0
5,147,0.49860620635572683,0.4999599188430743,0.5013490950087243,0.02394247055053711,3.5081875324249268,20.2,390.1640625,9.322677772376295,1.1390625,0
5,148,0.4985908939534057,0.4999775536530575,0.5012875172135429,0.02388143539428711,3.532068967819214,30.375,390.1640625,9.245142052722116,1.1390625,0
5,149,0.4987108836887283,0.4999956617498802,0.50134632952646,0.023929357528686523,3.5559983253479004,20.15,390.1640625,9.224361649242196,1.1390625,0
5,150,0.49871578219279045,0.49999712114085504,0.501342768062258,0.023336172103881836,3.5793344974517822,31.05,390.1640625,9.307048210491276,1.1390625,0
5,151,0.4987098511424239,0.4999783306262559,0.5012367709008386,0.027647733688354492,3.6069822311401367,26.3,390.1640625,9.440207945056683,1.1390625,0
5,152,0.4987083545280174,0.49992340223701986,0.5012958523346583,0.02362227439880371,3.6306045055389404,20.475,390.1640625,9.343285304228317,1.1390625,0
5,153,0.49870926610095784,0.5000499552091133,0.5012973761439516,0.023666858673095703,3.654271364212036,30.65,390.1640625,9.324676300972351,1.1390625,0
5,154,0.4987091223773365,0.5000538187022083,0.5012364585067149,0.023577451705932617,3.6778488159179688,20.5,390.1640625,9.334717883491768,1.1390625,0
5,155,0.49870852180855674,0.4999582224228979,0.5013495868833129,0.023519277572631836,3.7013680934906006,30.825,390.1640625,9.357683695068397,1.1390625,0
5,156,0.4987094918166744,0.4999790992967144,0.5012487579699677,0.024611234664916992,3.7259793281555176,19.675,390.1640625,9.439800463422417,1.1390625,0
5,157,0.49871169849622043,0.49992271521580706,0.5013158183172876,0.023550033569335938,3.7495293617248535,30.775,390.1640625,9.360507162786998,1.1390625,0
5,158,0.49870852613755773,0.49997378307067564,0.501280435766079,0.023248910903930664,3.772778272628784,20.775,390.1640625,9.266821166892719,1.1390625,0
5,159,0.49870906383929753,0.5000167548046361,0.5012366331405507,0.024562597274780273,3.7973408699035645,29.575,390.1640625,9.286744837774439,1.1390625,0
5,160,0.4987094699930794,0.4999814396563737,0.5013365816528376,0.026865482330322266,3.8242063522338867,18.0,390.1640625,9.484605115206197,1.1390625,0
5,161,0.49870850821015456,0.500040947954821,0.5013451643482075,0.024437904357910156,3.848644256591797,29.525,390.1640625,9.634112924827942,1.1390625,0
5,162,0.49871089152490683,0.5000021618412098,0.5013491285590116,0.023314237594604492,3.8719584941864014,20.625,390.1640625,9.634576688617786,1.1390625,0
5,163,0.4987096164527816,0.49999615169353734,0.5013430963925993,0.023647069931030273,3.8956055641174316,30.525,390.1640625,9.487099343783488,1.1390625,0
5,164,0.4987151255176003,0.5000159363995738,0.5012807276318731,0.023407697677612305,3.919013261795044,20.625,390.1640625,9.507854500247118,1.1390625,0
5,165,0.4987083733117493,0.49995879435591883,0.5013491508714099,0.023754596710205078,3.942767858505249,30.4,390.1640625,9.42844225823935,1.1390625,0
5,166,0.4986733401853869,0.49990703412749526,0.5013469097571616,0.025055885314941406,3.9678237438201904,19.2,390.1640625,9.453339547713695,1.1390625,0
5,167,0.4987083624247901,0.499928893853591,0.5013317296961682,0.023586750030517578,3.991410493850708,30.7,390.1640625,9.546611967832707,1.1390625,0
5,168,0.4986216459582316,0.49993641388877547,0.5013362999604877,0.02335524559020996,4.014765739440918,20.6,390.1640625,9.638530921516733,1.1390625,0
5,169,0.4987090673594935,0.5000044827679648,0.5013410457738852,0.02416086196899414,4.038926601409912,29.925,390.1640625,9.494634868449555,1.1390625,0
5,170,0.49870837925607936,0.4999804899793739,0.5013484522763895,0.02335643768310547,4.062283039093018,20.65,390.1640625,9.47784962074937,1.1390625,0
5,171,0.49871451138732753,0.49991860615583245,0.5012367408072672,0.023924589157104492,4.086207628250122,30.3,390.1640625,9.412303648727127,1.1390625,0
5,172,0.49871131954292097,0.49993643482796557,0.5013480656078203,0.023477792739868164,4.10968542098999,20.55,390.1640625,9.317809748952095,1.1390625,0
5,173,0.49872449752895276,0.4999778974194096,0.5013495707899276,0.02361297607421875,4.133298397064209,20.4,390.1640625,9.240858908794834,1.1390625,0
5,174,0.4985905557047396,0.4999893571987964,0.5013482150784142,0.023285627365112305,4.156584024429321,31.075,390.1640625,9.061178221056903,1.1390625,0
5,175,0.4986287902171622,0.49997958485863436,0.5013349691530041,0.023579835891723633,4.180163860321045,20.475,390.1640625,9.189639951110877,1.1390625,0
5,176,0.49870841353220524,0.49994507866855803,0.5013432703223157,0.024393796920776367,4.204557657241821,29.475,390.1640625,9.29788968866401,1.1390625,0
5,177,0.4987088620973085,0.4999632756256874,0.5013486343697267,0.024219751358032227,4.2287774085998535,19.925,390.1640625,9.216008024634787,1.1390625,0
5,178,0.49868414234160163,0.4999924150832618,0.5013495264483229,0.023332834243774414,4.252110242843628,31.0,390.1640625,9.185780643730414,1.1390625,0
5,179,0.4987127261948149,0.5000381198500609,0.5013316173261705,0.023582935333251953,4.27569317817688,20.475,390.1640625,9.232803939455001,1.1390625,0
5,180,0.49871221393029935,0.4999504620729489,0.5012792675931224,0.02353525161743164,4.2992284297943115,30.6,390.1640625,9.46992166530805,1.1390625,0
5,181,0.49859376424630375,0.499953545299403,0.501334027644163,0.023363351821899414,4.322591781616211,20.575,390.1640625,9.458080917964732,1.1390625,0
5,182,0.49870841309403907,0.49990408494736455,0.5013200873582191,0.023317813873291016,4.345909595489502,30.85,390.1640625,9.5387193428581,1.1390625,0
5,183,0.4987090007913298,0.5000257432525973,0.501347847800373,0.023096323013305664,4.369005918502808,20.825,390.1640625,9.587364195463566,1.1390625,0
5,184,0.49870943393534595,0.4999634304647946,0.5013314671029246,0.02337789535522461,4.392383813858032,20.575,390.1640625,9.419985135064648,1.1390625,0
5,185,0.49870834573139566,0.499958617229513,0.5013488568808447,0.023363351821899414,4.415747165679932,30.725,390.1640625,9.253343329273463,1.1390625,0
5,186,0.4986392349095311,0.4999976139640172,0.5013495753569795,0.02359747886657715,4.439344644546509,20.45,390.1640625,9.39598352304149,1.1390625,0
5,187,0.4985907423245994,0.5000330532331386,0.501346483945627,0.023581981658935547,4.462926626205444,30.675,390.1640625,9.274122177447303,1.1390625,0
5,188,0.49871167564491375,0.4999532731227641,0.5013492944091096,0.023860454559326172,4.4867870807647705,20.2,390.1640625,9.399471626153023,1.1390625,0
5,189,0.4986832589473716,0.499923061142228,0.5013451448583036,0.023461341857910156,4.510248422622681,30.775,390.1640625,9.532732036239864,1.1390625,0
5,190,0.49863078056752774,0.5000398285899028,0.5013474455132091,0.023569107055664062,4.533817529678345,20.45,390.1640625,9.356336329105694,1.1390625,0
5,191,0.49859616878627905,0.5000573864070623,0.5013495874034314,0.02343297004699707,4.557250499725342,30.85,390.1640625,9.233542262757153,1.1390625,0
5,192,0.49870842197297505,0.4999552114661458,0.5013032695828022,0.02634429931640625,4.583594799041748,27.55,390.1640625,9.117982710386084,1.1390625,0
5,193,0.4987083581514649,0.49999492962635345,0.5013477935553375,0.02331852912902832,4.606913328170776,20.675,390.1640625,9.140380239025601,1.1390625,0
5,194,0.49870844799077363,0.500029509394428,0.5013491262163327,0.023405075073242188,4.6303184032440186,20.6,390.1640625,9.103541269814183,1.1390625,0
5,195,0.4985945612389915,0.49999557113755705,0.5013493317574266,0.02364039421081543,4.653958797454834,30.6,390.1640625,9.307407268071472,1.1390625,0
5,196,0.4985893708395096,0.49999134640515114,0.5013492706140452,0.024065017700195312,4.678023815155029,20.0,390.1640625,9.383223399486397,1.1390625,0
5,197,0.4987083564638755,0.5000240259173494,0.5013491035622805,0.023728370666503906,4.701752185821533,30.4,390.1640625,9.413262261987594,1.1390625,0
5,198,0.4986143621711071,0.49993777524610744,0.5013495870601787,0.023456573486328125,4.725208759307861,20.55,390.1640625,9.253471557355692,1.1390625,0
5,199,0.49870845185495705,0.4999593817832526,0.5014722396869769,0.023368120193481445,4.748576879501343,30.925,390.1640625,9.302655902380694,1.1390625,0
5,200,0.49859709941947455,0.5000711077876717,0.501348226529159,0.023249387741088867,4.771826267242432,20.725,390.1640625,9.311743662645336,1.1390625,0
5,201,0.4985939578955742,0.5000060075127086,0.5013495872405382,0.02626776695251465,4.798094034194946,27.55,390.1640625,9.285665132744889,1.1390625,0
5,202,0.4986306976676952,0.500010573352338,0.5013495731093969,0.023424386978149414,4.821518421173096,20.55,390.1640625,9.202243073342261,1.1390625,0
5,203,0.4985929333458894,0.4999940498993981,0.5013493376079984,0.023379802703857422,4.844898223876953,30.7,390.1640625,9.214048246122058,1.1390625,0
5,204,0.49858997779547326,0.5000569831965194,0.5014055624006296,0.024805545806884766,4.869703769683838,19.475,390.1640625,9.285542827576672,1.1390625,0
5,205,0.498714984719048,0.4999788898726766,0.5014737168561763,0.023096084594726562,4.8927998542785645,31.125,390.1640625,9.30581053641406,1.1390625,0
5,206,0.49859584122889267,0.49997129952167624,0.5013494335355948,0.023952960968017578,4.916752815246582,20.1,390.1640625,9.287708553951722,1.1390625,0
5,207,0.4985957032806336,0.4999747636088127,0.5013493549787094,0.02618718147277832,4.94293999671936,27.575,390.1640625,9.422274945164578,1.1390625,0
5,208,0.49858976391504634,0.49998780179947544,0.5014345076769324,0.02378559112548828,4.966725587844849,30.3,390.1640625,9.314844183307638,1.1390625,0
5,209,0.4985920317990571,0.4999608451530689,0.5013456267462618,0.02663111686706543,4.993356704711914,27.2,390.1640625,9.320265871009825,1.1390625,0
5,210,0.49858936389169534,0.4999963715789609,0.501349575303864,0.027253389358520508,5.020610094070435,17.65,390.1640625,9.3062190257896,1.1390625,0
5,211,0.49859041025188433,0.5000083850439296,0.501475116646745,0.027142763137817383,5.047752857208252,26.375,390.1640625,9.232831645268817,1.1390625,0
5,212,0.49860018258140815,0.50004158144204,0.5013487108095632,0.02646660804748535,5.074219465255737,27.15,390.1640625,8.933827493053089,1.1390625,0
5,213,0.49859955524830624,0.49994416066668307,0.5013492875828792,0.026141881942749023,5.100361347198486,27.525,390.1640625,9.039166762892968,1.1390625,0
5,214,0.49858957068972015,0.4999764372370553,0.5013473332699463,0.024410009384155273,5.124771356582642,19.6,390.1640625,9.087707978350881,1.1390625,0
5,215,0.49859396289976265,0.4999240149507857,0.501349254419859,0.023640155792236328,5.148411512374878,30.4,390.1640625,9.037966008339563,1.1390625,0
5,216,0.4985973493544383,0.4999865717272678,0.5013661700950789,0.024725914001464844,5.173137426376343,19.175,390.1640625,9.163815381188511,1.1390625,0
5,217,0.49859032126149144,0.5000225142554352,0.5013467215392651,0.023447751998901367,5.196585178375244,30.525,390.1640625,9.335967356242266,1.1390625,0
5,218,0.4985892664880024,0.500093152520568,0.5013785549416688,0.023314952850341797,5.219900131225586,20.625,390.1640625,9.290626595698775,1.1390625,0
5,219,0.4987083379214392,0.49999660666546686,0.5013488024883693,0.02337956428527832,5.243279695510864,30.625,390.1640625,9.247781906611008,1.1390625,0
5,220,0.49859542897734155,0.4999271037406331,0.5013469616200026,0.02343440055847168,5.266714096069336,20.525,390.1640625,9.153002605509009,1.1390625,0
5,221,0.49866039576282983,0.5000445322642565,0.5013486781130236,0.02334427833557129,5.290058374404907,30.925,390.1640625,9.164638443001918,1.1390625,0
5,222,0.4986523782795283,0.50003828905096,0.5013453230992214,0.023100852966308594,5.313159227371216,20.825,390.1640625,9.28342495864791,1.1390625,0
5,223,0.4985953369016209,0.4999571945423439,0.5013486852299996,0.02339029312133789,5.336549520492554,20.575,390.1640625,9.183138702096661,1.1390625,0
5,224,0.4985991716234379,0.5000448397371966,0.5013206761912086,0.02376103401184082,5.3603105545043945,30.4,390.1640625,9.077451560708793,1.1390625,0
5,225,0.4985894843394432,0.49994029101496923,0.5013494452029472,0.023735523223876953,5.3840460777282715,20.275,390.1640625,9.082866888825077,1.1390625,0
5,226,0.49858957481215427,0.49994650383968875,0.5013959474477679,0.023423433303833008,5.4074695110321045,30.725,390.1640625,9.285621208103889,1.1390625,0
5,227,0.4986118519752768,0.49997204458638383,0.5013466405106576,0.023985624313354492,5.431455135345459,20.025,390.1640625,9.2642339752207,1.1390625,0
5,228,0.4985966639841699,0.499980983578097,0.501348289793747,0.0239715576171875,5.4554266929626465,30.05,390.1640625,9.215380292895262,1.1390625,0
5,229,0.4986395296556026,0.4999701690970319,0.5013490540212464,0.02412104606628418,5.479547739028931,19.95,390.1640625,9.290144375334723,1.1390625,0
5,230,0.4986125022898021,0.5000606167361116,0.5013494623200241,0.0236513614654541,5.503199100494385,30.475,390.1640625,9.418873151069148,1.1390625,0
5,231,0.49870843395084524,0.5000898804111842,0.5013454321031532,0.023496389389038086,5.526695489883423,20.425,390.1640625,9.145147699173519,1.1390625,0
5,232,0.49871527672436505,0.5000640103960899,0.5013264809451147,0.023477792739868164,5.550173282623291,30.55,390.1640625,9.038547790544795,1.1390625,0
5,233,0.49860721026493543,0.5000751710270886,0.5013477524179504,0.023360013961791992,5.573533296585083,20.575,390.1640625,8.916799701678729,1.1390625,0
5,234,0.49858934896388657,0.4999279488017109,0.5013461492000453,0.023301362991333008,5.596834659576416,20.625,390.1640625,9.09599954198184,1.1390625,0
5,235,0.49870858075351504,0.5000274809166272,0.5013494036222028,0.023473739624023438,5.6203083992004395,30.725,390.1640625,9.09709845131345,1.1390625,0
5,236,0.4986009344656513,0.49999408845632315,0.5013427236958429,0.023850679397583008,5.6441590785980225,20.05,390.1640625,9.06944913421319,1.1390625,0
5,237,0.49871651397163114,0.5000341325689155,0.5013494082284223,0.023545265197753906,5.667704343795776,30.6,390.1640625,8.856347269686989,1.1390625,0
5,238,0.4987117562754324,0.5000337690140069,0.5013433602500391,0.023575544357299805,5.691279888153076,20.35,390.1640625,8.927009380640076,1.1390625,0
5,239,0.49870843717290164,0.500107457848073,0.5013485530746588,0.023349761962890625,5.714629650115967,30.8,390.1640625,8.951110174668372,1.1390625,0
5,240,0.49865491268500406,0.49992524290074397,0.5013299429288963,0.023784875869750977,5.738414525985718,20.15,390.1640625,9.03595264760311,1.1390625,0
5,241,0.49864803012799397,0.500004219980111,0.5013494195196563,0.023737192153930664,5.762151718139648,30.225,390.1640625,9.021124226579131,1.1390625,0
5,242,0.4986232868514123,0.5000100967234244,0.5013492529926478,0.023503780364990234,5.785655498504639,20.45,390.1640625,9.026079978461109,1.1390625,0
5,243,0.4985995842336014,0.49994238939180446,0.5013489221265712,0.023373842239379883,5.8090293407440186,30.8,390.1640625,8.979120657419845,1.1390625,0
5,244,0.4987086053822686,0.4999988490543994,0.5013328016247854,0.02347707748413086,5.832506418228149,20.475,390.1640625,9.135250788239743,1.1390625,0
5,245,0.49870203083991027,0.49998165532304284,0.5013341275684503,0.02347397804260254,5.855980396270752,20.45,390.1640625,9.099585310838213,1.1390625,0
5,246,0.49870835599626634,0.4999923384853905,0.5013494182711306,0.02433919906616211,5.880319595336914,29.625,390.1640625,9.249475468390603,1.1390625,0
5,247,0.4987083955277291,0.4999534585449772,0.5013486624520205,0.023828506469726562,5.904148101806641,30.05,390.1640625,9.056152673425894,1.1390625,0
5,248,0.49870833859618663,0.500011584259789,0.5013494592833236,0.02372431755065918,5.9278724193573,20.25,390.1640625,8.963414445730978,1.1390625,0
5,249,0.4986069550370154,0.499965392470499,0.5012446771350277,0.023578643798828125,5.951451063156128,20.25,390.1640625,9.043919037196266,1.1390625,0
5,250,0.4987083632678957,0.5000885519474867,0.501341250567764,0.023468494415283203,5.974919557571411,30.675,390.1640625,9.016918464808143,1.1390625,0
5,251,0.4987083511695835,0.5000068190299812,0.5013262475256981,0.02528977394104004,6.000209331512451,28.475,390.1640625,9.043879771120784,1.1390625,0
5,252,0.4987083611230136,0.49995053395371536,0.5013495787720996,0.02400064468383789,6.024209976196289,20.025,390.1640625,9.121775387497934,1.1390625,0
5,253,0.498708338342005,0.49998997360204306,0.5013481081152833,0.023390769958496094,6.047600746154785,30.6,390.1640625,9.20466067380932,1.1390625,0
5,254,0.49870840331278227,0.5000118842872714,0.5013493037834605,0.023432493209838867,6.071033239364624,20.475,390.1640625,9.263167300957777,1.1390625,0
5,255,0.4987094178935171,0.49999942652782,0.5013452765214488,0.0235135555267334,6.094546794891357,30.525,390.1640625,9.281859771600638,1.1390625,0
5,256,0.4987098721296197,0.4999223984220489,0.5012367786669276,0.02447819709777832,6.119024991989136,19.525,390.1640625,9.259255743559015,1.1390625,0
5,257,0.49870856679653325,0.5000234212748106,0.5012367309485508,0.02397775650024414,6.14300274848938,30.025,390.1640625,9.325455883842553,1.1390625,0
5,258,0.4986077956330467,0.4999549850262386,0.5013478617997402,0.023713350296020508,6.1667160987854,20.2,390.1640625,9.166153465708033,1.1390625,0
5,259,0.4987083666996995,0.49995526604187845,0.5013456398493781,0.026200056076049805,6.19291615486145,27.5,390.1640625,9.367645024523972,1.1390625,0
5,260,0.4987090083485885,0.4999289980049199,0.5013416011137404,0.02600407600402832,6.2189202308654785,27.7,390.1640625,9.448118177676715,1.1390625,0
5,261,0.4987120719647698,0.4999826857546936,0.5013491823430529,0.025067567825317383,6.243987798690796,28.75,390.1640625,9.341351142572224,1.1390625,0
5,262,0.49870833932175995,0.49999169885957756,0.5013493921801168,0.023604393005371094,6.267592191696167,20.225,390.1640625,9.36175555698333,1.1390625,0
5,263,0.4987084192104772,0.49998406367146814,0.5013494863147274,0.02338123321533203,6.290973424911499,20.5,390.1640625,9.282861044373997,1.1390625,0
5,264,0.4986038707152786,0.5000282401028329,0.5013472352922246,0.024073362350463867,6.315046787261963,29.725,390.1640625,9.152455380893986,1.1390625,0
5,265,0.49859440972320135,0.5000907103608958,0.5013494495104186,0.023417234420776367,6.338464021682739,20.45,390.1640625,9.301237930509132,1.1390625,0
5,266,0.4987085920765482,0.4999084821709671,0.5013487846257303,0.023385047912597656,6.361849069595337,30.6,390.1640625,9.269540921283319,1.1390625,0
5,267,0.49859547063972665,0.5000243106255906,0.5013206405364662,0.024853229522705078,6.386702299118042,19.325,390.1640625,9.109103768143235,1.1390625,0
5,268,0.4987121877459794,0.499964759690688,0.5013483381766979,0.02372264862060547,6.4104249477386475,30.125,390.1640625,9.004733018369429,1.1390625,0
5,269,0.4987086534610854,0.5000236638332569,0.501327353070008,0.024652719497680664,6.435077667236328,28.8,390.1640625,8.78520539173263,1.1390625,0
5,270,0.4985965956668213,0.5000619880770991,0.5013096294620417,0.023386001586914062,6.458463668823242,20.275,390.1640625,8.900142537389884,1.1390625,0
5,271,0.49860295365116203,0.4999777001462485,0.5013494485168116,0.023572921752929688,6.482036590576172,20.35,390.1640625,8.916224706383208,1.1390625,0
5,272,0.49870836233500676,0.5000738043806325,0.5013495773176305,0.02444601058959961,6.5064826011657715,29.475,390.1640625,9.136613674832443,1.1390625,0
5,273,0.49861023526996884,0.4999664447675943,0.5013479358043357,0.023417234420776367,6.529899835586548,30.7,390.1640625,9.22272103205245,1.1390625,0
5,274,0.49870947420386713,0.4999814615227669,0.501349579350851,0.02319049835205078,6.553090333938599,20.55,390.1640625,9.231311310597311,1.1390625,0
5,275,0.4986084329494083,0.5001011426275054,0.5013490300510635,0.02324676513671875,6.576337099075317,20.475,390.1640625,9.032813646057448,1.1390625,0
5,276,0.4986570332208061,0.5000613437627053,0.5013485900227506,0.023711442947387695,6.600048542022705,30.25,390.1640625,9.086177627782886,1.1390625,0
5,277,0.49859091358210994,0.5000482832240682,0.501349273803713,0.02335190773010254,6.623400449752808,20.525,390.1640625,9.126833110738584,1.1390625,0
5,278,0.4986032786999334,0.5000576958110001,0.5013366149192521,0.023986339569091797,6.647386789321899,30.0,390.1640625,9.400694989575946,1.1390625,0
5,279,0.49863666497925047,0.5000201420679704,0.5013328203214116,0.023678302764892578,6.671065092086792,20.225,390.1640625,9.373855229563754,1.1390625,0
5,280,0.49870846078924336,0.5000076024834536,0.5013447038565967,0.02338719367980957,6.694452285766602,30.7,390.1640625,9.372264985459433,1.1390625,0
5,281,0.49858925756102407,0.499954236493159,0.5013494097412251,0.02372145652770996,6.7181737422943115,20.1,390.1640625,9.385435195562966,1.1390625,0
5,282,0.4985893272432031,0.5000097197668751,0.5013495228418762,0.023640155792236328,6.741813898086548,30.3,390.1640625,9.3205973559642,1.1390625,0
5,283,0.49860594548298615,0.5000439115793344,0.5014708025116369,0.02351522445678711,6.765329122543335,20.35,390.1640625,9.32845976812827,1.1390625,0
5,284,0.4985917479020353,0.5000303636102125,0.5013493936068724,0.025330543518066406,6.790659666061401,28.45,390.1640625,9.266362270920625,1.1390625,0
5,285,0.49858951418474956,0.5000268648712644,0.5013484051657573,0.024524688720703125,6.8151843547821045,19.45,390.1640625,9.432385478357611,1.1390625,0
5,286,0.4985925806017719,0.49999132865906853,0.5014290297604824,0.024989843368530273,6.840174198150635,28.8,390.1640625,9.452506303000288,1.1390625,0
5,287,0.4985911471325612,0.5000580629068604,0.5014711130571268,0.023577451705932617,6.863751649856567,20.2,390.1640625,9.355181625802668,1.1390625,0
5,288,0.4985909361164044,0.49998876797653496,0.5013484623146347,0.023566722869873047,6.88731837272644,30.35,390.1640625,9.44720438118368,1.1390625,0
5,289,0.4985917618249008,0.49987985817141756,0.5013485247720088,0.023412227630615234,6.910730600357056,20.45,390.1640625,9.495345495824242,1.1390625,0
5,290,0.49860470569656046,0.5000582865508888,0.5013486680643601,0.024079322814941406,6.934809923171997,29.85,390.1640625,9.413697369540888,1.1390625,0
5,291,0.4986030822391394,0.49999011872583105,0.5013475568662897,0.023421287536621094,6.958231210708618,20.45,390.1640625,9.657526910988825,1.1390625,0
5,292,0.49858925293718737,0.4999466645788051,0.5014742563616956,0.023599863052368164,6.981831073760986,20.3,390.1640625,9.740837777520452,1.1390625,0
5,293,0.4986211455607623,0.49998397399762823,0.5013426927541097,0.023188352584838867,7.005019426345825,30.85,390.1640625,9.865965401154991,1.1390625,0
5,294,0.49860918799391013,0.5000579907944678,0.5013490695833404,0.024028301239013672,7.029047727584839,19.8,390.1640625,9.678176595745564,1.1390625,0
5,295,0.4985910497984807,0.5000212093905062,0.501339444588668,0.023312091827392578,7.0523598194122314,30.775,390.1640625,9.743195901457753,1.1390625,0
5,296,0.49871014258674423,0.5000523294960627,0.501349480906028,0.024292707443237305,7.076652526855469,19.725,390.1640625,9.71279357830076,1.1390625,0
5,297,0.49858980003785974,0.5000516588080351,0.5013489382261659,0.023578882217407227,7.100231409072876,30.375,390.1640625,9.56824173288701,1.1390625,0
5,298,0.4986766311563343,0.5000577576784142,0.5013412632490427,0.02337026596069336,7.123601675033569,20.425,390.1640625,9.479961883685954,1.1390625,0
5,299,0.498703200409203,0.4999997660281176,0.5013456414085544,0.023573637008666992,7.147175312042236,30.35,390.1640625,9.444418305204193,1.1390625,0
5,300,0.49870839412174994,0.5000180481725645,0.5013465769865089,0.023626327514648438,7.170801639556885,20.25,390.1640625,9.385098415726278,1.1390625,0
5,301,0.49865725038777353,0.5000187502528961,0.501317096376588,0.02714705467224121,7.197948694229126,35.3,390.1640625,9.315535303757175,1.1390625,0
5,302,0.4987083425672503,0.49999937146680223,0.5013494481720662,0.023530244827270508,7.2214789390563965,30.3,390.1640625,9.314094726139185,1.1390625,0
5,303,0.49870891918956567,0.5000048374444024,0.5013418196312337,0.02350783348083496,7.2449867725372314,20.35,390.1640625,9.332349804281769,1.1390625,0
5,304,0.4987093393942712,0.500024759735199,0.5013472328285627,0.02377486228942871,7.26876163482666,20.125,390.1640625,9.269278336578727,1.1390625,0
5,305,0.4986637502035073,0.4999700821265567,0.5013495720838046,0.02356100082397461,7.292322635650635,30.275,390.1640625,9.172531193696097,1.1390625,0
5,306,0.49870838267700307,0.4999860727105142,0.5013469448691786,0.023470163345336914,7.315792798995972,20.375,390.1640625,9.129926485904903,1.1390625,0
5,307,0.4987086639560752,0.49994657363861067,0.5013471020573772,0.023455142974853516,7.339247941970825,30.45,390.1640625,9.013143855999827,1.1390625,0
5,308,0.4986028880835745,0.49999689116577395,0.50134681829542,0.023348331451416016,7.362596273422241,20.475,390.1640625,9.016781915103852,1.1390625,0
5,309,0.49870840093531443,0.4999828289818193,0.5013495867106602,0.024767637252807617,7.387363910675049,28.95,390.1640625,8.969272604475965,1.1390625,0
5,310,0.49870884897484763,0.49999499749120074,0.5013477854214038,0.026930570602416992,7.414294481277466,26.6,390.1640625,9.016344496249037,1.1390625,0
5,311,0.4986289952054308,0.50002526499147,0.5013489119706973,0.025214195251464844,7.439508676528931,18.775,390.1640625,9.185462252294109,1.1390625,0
5,312,0.4987083408401573,0.500007170854386,0.5013340306154331,0.024112462997436523,7.463621139526367,29.75,390.1640625,9.140067580004905,1.1390625,0
5,313,0.4987088808891692,0.4999460132831248,0.5013495850494176,0.023465633392333984,7.487086772918701,20.3,390.1640625,9.161324454400626,1.1390625,0
5,314,0.49870848442294685,0.5000169103482552,0.5013495424633801,0.023508071899414062,7.510594844818115,30.5,390.1640625,9.151761906940571,1.1390625,0
5,315,0.4987084256820371,0.5000336201084581,0.5013100638656173,0.02349257469177246,7.534087419509888,20.35,390.1640625,9.175537286059596,1.1390625,0
5,316,0.49870845206974973,0.5000768256591738,0.5013328963317624,0.023436546325683594,7.557523965835571,30.575,390.1640625,9.19457306728757,1.1390625,0
5,317,0.49870860931646327,0.49996739999197864,0.5013494778468338,0.023537635803222656,7.581061601638794,20.3,390.1640625,9.07670199126577,1.1390625,0
5,318,0.49870873317043407,0.5000361392637054,0.5013258497537341,0.023639202117919922,7.604700803756714,30.35,390.1640625,9.055356127463416,1.1390625,0
5,319,0.4987194421834719,0.5000444412013457,0.5013184155677187,0.023684263229370117,7.628385066986084,20.125,390.1640625,9.129705152374822,1.1390625,0
5,320,0.49858924816196454,0.5000574429296115,0.5012366912526102,0.023717641830444336,7.652102708816528,30.225,390.1640625,9.10110173574284,1.1390625,0
5,321,0.49870835915772205,0.5000739741379685,0.5012630572217087,0.023523569107055664,7.675626277923584,20.275,390.1640625,9.085222035620015,1.1390625,0
5,322,0.4986121290692655,0.5000060781625398,0.5013085297777833,0.023108959197998047,7.698735237121582,30.825,390.1640625,9.094096179286037,1.1390625,0
5,323,0.4987086643881356,0.4999679630076882,0.5013469840426708,0.023145198822021484,7.7218804359436035,20.625,390.1640625,9.210293796168877,1.1390625,0
5,324,0.49871273950047385,0.5000345928698647,0.5014245621198548,0.023821592330932617,7.745702028274536,29.95,390.1640625,9.256845244372125,1.1390625,0
5,325,0.49859279090526376,0.49999433845582153,0.5013484593689509,0.023491382598876953,7.769193410873413,20.225,390.1640625,9.182477416158326,1.1390625,0
5,326,0.498594276902565,0.5000192528077048,0.5013403291288623,0.02465057373046875,7.793843984603882,29.0,390.1640625,9.165029969805078,1.1390625,0
5,327,0.49861179867680905,0.4999087105025643,0.50133475763655,0.024184226989746094,7.818028211593628,19.65,390.1640625,9.215480065987842,1.1390625,0
5,328,0.4987413357946577,0.499970001373824,0.5012915057327336,0.023481369018554688,7.841509580612183,30.3,390.1640625,9.253941284891352,1.1390625,0
5,329,0.4987462109242887,0.4999770932801052,0.50134956102864,0.02360081672668457,7.865110397338867,20.225,390.1640625,9.20289914574657,1.1390625,0
5,330,0.4987089081363731,0.4999719249555428,0.5012366581196931,0.02321314811706543,7.888323545455933,30.65,390.1640625,9.178783843710361,1.1390625,0
5,331,0.49870895725254744,0.499952646792601,0.5012365975502008,0.02333521842956543,7.911658763885498,20.425,390.1640625,9.22539440747722,1.1390625,0
5,332,0.49871152365464594,0.4999950233356602,0.5012363855921331,0.02374267578125,7.935401439666748,20.125,390.1640625,9.050619496518236,1.1390625,0
5,333,0.49871278125883933,0.4999328606949517,0.5012367687364001,0.023446321487426758,7.958847761154175,30.35,390.1640625,9.078752915796507,1.1390625,0
5,334,0.4987135239673791,0.4999624453067888,0.5012367516901366,0.023453712463378906,7.982301473617554,20.225,390.1640625,9.170131160175998,1.1390625,0
5,335,0.4986774774885199,0.49995162140202126,0.5013083949913365,0.023257017135620117,8.005558490753174,30.775,390.1640625,9.339750073095443,1.1390625,0
5,336,0.4987126167156046,0.5000046395274215,0.5013430067399441,0.02413177490234375,8.029690265655518,19.8,390.1640625,9.196373676065654,1.1390625,0
5,337,0.4987086343415765,0.500078423785565,0.5013489731360846,0.023706912994384766,8.053397178649902,29.95,390.1640625,9.231007289333581,1.1390625,0
5,338,0.4987244804862651,0.5000188625273247,0.501318274385348,0.023228883743286133,8.076626062393188,20.525,390.1640625,9.10476461572892,1.1390625,0
5,339,0.498741965764613,0.5000445250033451,0.5013484801021098,0.023193836212158203,8.099819898605347,30.75,390.1640625,9.15320054210338,1.1390625,0
5,340,0.4987083593036241,0.4999766932092213,0.5013455721747963,0.02342844009399414,8.12324833869934,20.275,390.1640625,9.252656413952435,1.1390625,0
5,341,0.4986144153499443,0.5000337615821232,0.501349202088396,0.02396988868713379,8.147218227386475,29.525,390.1640625,9.446948214646419,1.1390625,0
5,342,0.4987182172631513,0.5000301123117026,0.5013449420699242,0.023395538330078125,8.170613765716553,20.35,390.1640625,9.4981111065757,1.1390625,0
5,343,0.4987083947730841,0.4999870021730733,0.5012590159156013,0.02361297607421875,8.194226741790771,30.3,390.1640625,9.609936684657896,1.1390625,0
5,344,0.4987128419321391,0.49992395737309325,0.501349252807301,0.02328038215637207,8.217507123947144,20.4,390.1640625,9.541841671695959,1.1390625,0
5,345,0.4987503512752698,0.5000288351798833,0.5013466577206381,0.023609161376953125,8.241116285324097,30.2,390.1640625,9.464499183720605,1.1390625,0
5,346,0.4987083428517032,0.5000690844402825,0.501345728524197,0.02340102195739746,8.264517307281494,20.35,390.1640625,9.452621037864624,1.1390625,0
5,347,0.4987084333585899,0.5000168204713928,0.5012546181016141,0.023685216903686523,8.28820252418518,30.2,390.1640625,9.33952558073422,1.1390625,0
5,348,0.4987117315630525,0.5000390571605173,0.5012995035108077,0.02348494529724121,8.311687469482422,20.3,390.1640625,9.497683745746894,1.1390625,0
5,349,0.49871367268677136,0.5000058107853356,0.5013486774950411,0.02398681640625,8.335674285888672,29.725,390.1640625,9.35814771746204,1.1390625,0
5,350,0.4987111585741113,0.4999961545030958,0.5013491864588397,0.023505687713623047,8.359179973602295,20.175,390.1640625,9.420332956899912,1.1390625,0
5,351,0.49870835502979705,0.4999848443461859,0.501348938270599,0.02527761459350586,8.3844575881958,18.875,390.1640625,9.58512909591419,1.1390625,0
5,352,0.49870858008360214,0.5000133937893905,0.5013485798655539,0.023676156997680664,8.408133745193481,30.15,390.1640625,9.459667812403158,1.1390625,0
5,353,0.49870858885907665,0.500046421512479,0.5013495593078888,0.02364802360534668,8.431781768798828,20.1,390.1640625,9.572034206323297,1.1390625,0
5,354,0.49870834260789637,0.4999560143541713,0.5013169312988499,0.023705005645751953,8.45548677444458,30.05,390.1640625,9.53227722097544,1.1390625,0
5,355,0.4987185708505713,0.4999691320586129,0.5013235301516233,0.023377418518066406,8.478864192962646,20.35,390.1640625,9.324661871347907,1.1390625,0
5,356,0.4986049633306926,0.5001283916553075,0.501349581334789,0.02395772933959961,8.502821922302246,19.9,390.1640625,9.251980460448422,1.1390625,0
5,357,0.49870929539034775,0.5000384332899394,0.5012367426077482,0.023835420608520508,8.526657342910767,29.8,390.1640625,9.247812301396456,1.1390625,0
5,358,0.49872016814298903,0.499978880316983,0.501344474202537,0.02350759506225586,8.550164937973022,20.275,390.1640625,9.252149022278404,1.1390625,0
5,359,0.4987241615854761,0.499955260454418,0.5013488673683683,0.02659773826599121,8.576762676239014,36.025,390.1640625,9.506245141264321,1.1390625,0
5,360,0.4987097120324849,0.4999345998414397,0.5012344420085602,0.026584148406982422,8.603346824645996,26.8,390.1640625,9.463045770960948,1.1390625,0
5,361,0.4987300848696648,0.5000131225936043,0.5012362328782286,0.025394201278686523,8.628741025924683,28.125,390.1640625,9.409832822445585,1.1390625,0
5,362,0.49870984779403665,0.49998913135845496,0.5013152879207047,0.023589134216308594,8.652330160140991,20.125,390.1640625,9.243248027683615,1.1390625,0
5,363,0.4987085994101736,0.5000224637750142,0.5012359295635056,0.023722410202026367,8.676052570343018,30.125,390.1640625,9.112839361585714,1.1390625,0
5,364,0.498815662835,0.4999609221846093,0.501236648571613,0.023363113403320312,8.699415683746338,20.3,390.1640625,8.98954403309097,1.1390625,0
5,365,0.49880363086908297,0.5000485239243591,0.5012358618002178,0.023406028747558594,8.722821712493896,20.275,390.1640625,8.967275829529921,1.1390625,0
5,366,0.498708464397959,0.4999805509866079,0.5012391469210102,0.02476978302001953,8.747591495513916,28.9,390.1640625,9.073376146052526,1.1390625,0
5,367,0.4987148793953767,0.500021558108012,0.5013467376539811,0.023602008819580078,8.771193504333496,30.175,390.1640625,9.234256512942801,1.1390625,0
5,368,0.49871088987669077,0.49997040489310784,0.5012265494800698,0.02346634864807129,8.794659852981567,20.3,390.1640625,9.138307465639846,1.1390625,0
5,369,0.49872059800478463,0.49996602397726947,0.5012232303787854,0.02360677719116211,8.81826663017273,20.125,390.1640625,9.116944441406114,1.1390625,0
5,370,0.49877468885453946,0.49996405896968454,0.5012360828546844,0.02345871925354004,8.84172534942627,30.35,390.1640625,8.961996068643735,1.1390625,0
5,371,0.49873550595587773,0.5000439890607028,0.5012304816559459,0.023520708084106445,8.865246057510376,20.125,390.1640625,9.010290235934953,1.1390625,0
5,372,0.4988161928219682,0.50004432582251,0.50123548115119,0.023552417755126953,8.888798475265503,30.325,390.1640625,9.102896686641001,1.1390625,0
5,373,0.49872657911324103,0.5000105625508263,0.5012327151847115,0.023788928985595703,8.912587404251099,20.025,390.1640625,9.172645524379844,1.1390625,0
5,374,0.4987127977598203,0.4999866502960171,0.5012355166958923,0.023213863372802734,8.935801267623901,30.75,390.1640625,9.20560448506277,1.1390625,0
5,375,0.49881540882110414,0.4999269492431908,0.5012352788734273,0.02334737777709961,8.959148645401001,20.375,390.1640625,9.206446120253904,1.1390625,0
5,376,0.49871711026626725,0.5000142602384098,0.5012366809118407,0.02412104606628418,8.983269691467285,29.425,390.1640625,9.226263394793717,1.1390625,0
5,377,0.49871675744404415,0.5000417031554618,0.5012352318469623,0.023701906204223633,9.006971597671509,20.075,390.1640625,9.266287183571162,1.1390625,0
5,378,0.4988164713349722,0.49995654078984514,0.5011354078233904,0.023337602615356445,9.030309200286865,30.425,390.1640625,9.334584489060811,1.1390625,0
5,379,0.49881714464093546,0.5000587194286737,0.5011353427991774,0.02336859703063965,9.053677797317505,20.375,390.1640625,9.242291299719378,1.1390625,0
5,380,0.4987948173178506,0.5000271551990025,0.5012361220202396,0.023204803466796875,9.076882600784302,30.575,390.1640625,9.275829220688996,1.1390625,0
5,381,0.4988152490452932,0.5000493779198145,0.5013296784305038,0.02356863021850586,9.100451231002808,20.0,390.1640625,9.431068201077116,1.1390625,0
5,382,0.4988183862221381,0.4999904996855807,0.5012362981571984,0.0236208438873291,9.124072074890137,30.175,390.1640625,9.262918140379282,1.1390625,0
5,383,0.49881181064274804,0.49993875725868764,0.5013439874849158,0.02343153953552246,9.14750361442566,20.3,390.1640625,9.100059117757436,1.1390625,0
5,384,0.4987569278647738,0.5000166203878686,0.5012142137214446,0.02320408821105957,9.170707702636719,30.525,390.1640625,9.1481832918609,1.1390625,0
5,385,0.49881533458296984,0.4999901744536052,0.5012366417380406,0.023630857467651367,9.19433856010437,20.125,390.1640625,9.227983353836589,1.1390625,0
5,386,0.49871839541468543,0.5000228664272778,0.5012090998166953,0.023350238800048828,9.217688798904419,30.25,390.1640625,9.184933679163187,1.1390625,0
5,387,0.4987442936107617,0.5000348343486638,0.5012347232477802,0.02363419532775879,9.241322994232178,20.075,390.1640625,9.180825259136443,1.1390625,0
5,388,0.4988153114679423,0.4999896904844011,0.5012367246300756,0.023397207260131836,9.26472020149231,30.3,390.1640625,9.222568530905145,1.1390625,0
5,389,0.49881527791608177,0.4999924031469228,0.5012263192411508,0.023900985717773438,9.288621187210083,19.925,390.1640625,9.268236823671113,1.1390625,0
5,390,0.49882935655352506,0.4999576089381116,0.5012201041992314,0.023522615432739258,9.312143802642822,30.3,390.1640625,9.154206965074318,1.1390625,0
5,391,0.4988152680460051,0.49999029248062093,0.5012269455165548,0.02353644371032715,9.33568024635315,20.125,390.1640625,9.35823485409071,1.1390625,0
5,392,0.49876071161301916,0.5000150832901187,0.5012366097710955,0.02404022216796875,9.359720468521118,29.7,390.1640625,9.208286803497765,1.1390625,0
5,393,0.4988153069303146,0.5000222763558696,0.5012343505119032,0.023504018783569336,9.383224487304688,20.15,390.1640625,9.252873212665683,1.1390625,0
5,394,0.49881528240906275,0.49998187455853454,0.501236335165356,0.023533344268798828,9.406757831573486,30.275,390.1640625,9.19814392804884,1.1390625,0
5,395,0.4988178291251781,0.49998699143044795,0.5012181556596865,0.023172378540039062,9.429930210113525,20.45,390.1640625,8.954120854046108,1.1390625,0
5,396,0.49881524882008343,0.49996488736578665,0.5012332907289324,0.02764439582824707,9.457574605941772,25.925,390.1640625,8.891161657351356,1.1390625,0
5,397,0.4988152496666121,0.49999525613658724,0.5012155010449392,0.028958797454833984,9.486533403396606,24.525,390.1640625,8.968353968341859,1.1390625,0
5,398,0.4988160924841651,0.4999931593883427,0.5012354974505253,0.025821924209594727,9.512355327606201,27.325,390.1640625,9.001815923357475,1.1390625,0
5,399,0.4988153528929797,0.49996005194897447,0.5012271751995934,0.026530742645263672,9.538886070251465,17.875,390.1640625,9.052512264211575,1.1390625,0
5,400,0.4987095906204918,0.49997672940848004,0.5012348709135216,0.024571657180786133,9.563457727432251,28.875,390.1640625,8.98897836666048,1.1390625,0
5,401,0.49870835472518027,0.5000485102515914,0.5011353901492079,0.02702164649963379,9.590479373931885,26.45,390.1640625,9.040814501839215,1.1390625,0
5,402,0.49871473111028525,0.49998627769493553,0.5012302013755426,0.023839235305786133,9.614318609237671,29.675,390.1640625,9.079568402174361,1.1390625,0
5,403,0.4988153093320001,0.49996564407487837,0.5012360003475025,0.023622512817382812,9.637941122055054,20.125,390.1640625,9.253614217891773,1.1390625,0
5,404,0.4988155554329989,0.4999997432500444,0.501235893634963,0.023545265197753906,9.661486387252808,30.175,390.1640625,9.181476538329523,1.1390625,0
5,405,0.4987141118109865,0.5000154874439413,0.5012359697297475,0.023591995239257812,9.685078382492065,20.075,390.1640625,9.192368419182385,1.1390625,0
5,406,0.4987435489478895,0.5000728585978641,0.5012317771723284,0.02447032928466797,9.709548711776733,28.975,390.1640625,9.310036129237972,1.1390625,0
5,407,0.4987083552738563,0.49997903449956516,0.5012336953428594,0.02339339256286621,9.7329421043396,20.275,390.1640625,9.170949342242547,1.1390625,0
5,408,0.49881524766264274,0.5000050486101426,0.5011991035162673,0.02331399917602539,9.756256103515625,20.175,390.1640625,9.112980015437527,1.1390625,0
5,409,0.4988152905884972,0.500008470383535,0.5012355941673956,0.024822235107421875,9.781078338623047,28.725,390.1640625,9.110674416159872,1.1390625,0
5,410,0.4987734682976899,0.5000045321393857,0.5012343039919377,0.026232481002807617,9.807310819625854,27.175,390.1640625,8.89975182311224,1.1390625,0
5,411,0.49881526817267463,0.49990820344325854,0.5012367802342771,0.024281978607177734,9.831592798233032,19.5,390.1640625,8.948481469736697,1.1390625,0
5,412,0.49875461885601236,0.49999648808900987,0.5013274562629072,0.023717164993286133,9.855309963226318,29.775,390.1640625,9.1254837277883,1.1390625,0
5,413,0.4987317534916257,0.4999982510305882,0.5012367569920598,0.023482322692871094,9.87879228591919,20.2,390.1640625,9.278942931840632,1.1390625,0
5,414,0.4987810981586729,0.4999628074402759,0.5012364198679037,0.023226499557495117,9.902018785476685,30.65,390.1640625,9.363680295720332,1.1390625,0
5,415,0.4987094750109461,0.49998847910505184,0.5012367033777455,0.024225950241088867,9.926244735717773,19.625,390.1640625,9.31885667553789,1.1390625,0
5,416,0.4987917832188725,0.49992787739034145,0.5012362247584933,0.023808717727661133,9.950053453445435,29.8,390.1640625,9.355794379861294,1.1390625,0
5,417,0.4987175607299493,0.500071847124852,0.5012366578276262,0.023583412170410156,9.973636865615845,20.125,390.1640625,9.185401675573132,1.1390625,0
5,418,0.4987131103655834,0.5000639803845819,0.5012365879717272,0.023844003677368164,9.997480869293213,29.875,390.1640625,9.413354237924448,1.1390625,0
5,419,0.49872189257362326,0.49998962546173575,0.5012362919144627,0.023473501205444336,10.020954370498657,20.1,390.1640625,9.287558280443362,1.1390625,0
5,420,0.498708348192139,0.5000199776401731,0.5012365382233873,0.023392677307128906,10.044347047805786,30.275,390.1640625,9.4074732777498,1.1390625,0
5,421,0.4988157295972622,0.5000282516872813,0.5012366014145132,0.02365398406982422,10.06800103187561,30.025,390.1640625,9.388885731119721,1.1390625,0
5,422,0.4987203834312992,0.5000467315147326,0.5012358495420848,0.024606704711914062,10.092607736587524,28.925,390.1640625,9.366400631934575,1.1390625,0
5,423,0.49873629233542177,0.4999760150149632,0.5012313899494409,0.023767709732055664,10.11637544631958,19.85,390.1640625,9.49891604301541,1.1390625,0
5,424,0.4988160375855973,0.5000064670261356,0.5012336479452751,0.023876667022705078,10.140252113342285,29.825,390.1640625,9.356007715695922,1.1390625,0
5,425,0.49881525275540983,0.4999960559159651,0.5012366853598809,0.023329496383666992,10.163581609725952,20.225,390.1640625,9.327845961953823,1.1390625,0
5,426,0.4988152645004096,0.49996619951041055,0.5012321288114864,0.023685932159423828,10.187267541885376,30.05,390.1640625,9.360332499847704,1.1390625,0
5,427,0.4988155945498477,0.4999855168778953,0.501236369926548,0.023478269577026367,10.210745811462402,20.125,390.1640625,9.234479179873269,1.1390625,0
5,428,0.49874415032995695,0.4999541527449637,0.5012365620529441,0.024273395538330078,10.235019207000732,29.3,390.1640625,9.228909571299518,1.1390625,0
5,429,0.4988158273653443,0.5000288976199818,0.5012367791526712,0.02377772331237793,10.25879693031311,19.95,390.1640625,9.28824795234106,1.1390625,0
5,430,0.49881531874992663,0.49995629977162287,0.5012365684827512,0.023288965225219727,10.28208589553833,30.525,390.1640625,9.264203148281197,1.1390625,0
5,431,0.49881534371001224,0.4999129897554884,0.5012327187493426,0.023581981658935547,10.305667877197266,19.95,390.1640625,9.371496392008606,1.1390625,0
5,432,0.4988153313200336,0.5000333096056706,0.5012360647919271,0.027085065841674805,10.33275294303894,26.45,390.1640625,9.365901228330856,1.1390625,0
5,433,0.49881531692331843,0.4999686987094421,0.5012306611954866,0.023209810256958008,10.355962753295898,30.6,390.1640625,9.381285202092156,1.1390625,0
5,434,0.49882376781304993,0.4999888182389837,0.5012366990529862,0.023455381393432617,10.379418134689331,20.225,390.1640625,9.517466339832788,1.1390625,0
5,435,0.49881638671239265,0.4999739135438644,0.5012367674512185,0.023415088653564453,10.402833223342896,30.3,390.1640625,9.462862184272476,1.1390625,0
5,436,0.4988152567834698,0.4999772283112682,0.5012322213693539,0.02381587028503418,10.42664909362793,19.9,390.1640625,9.576167506906238,1.1390625,0
5,437,0.4987541715960207,0.49994011069800104,0.5012367782920648,0.02329850196838379,10.449947595596313,30.4,390.1640625,9.549805864357223,1.1390625,0
5,438,0.49881765597496064,0.500023063110969,0.5011755242883702,0.023555755615234375,10.473503351211548,20.125,390.1640625,9.500966553168556,1.1390625,0
5,439,0.49881779758742023,0.5000470352807606,0.501236460369038,0.02332472801208496,10.496828079223633,30.3,390.1640625,9.517602056778026,1.1390625,0
5,440,0.49881524683735307,0.5000375542289188,0.5012295734412161,0.023700475692749023,10.520528554916382,20.0,390.1640625,9.38593129459703,1.1390625,0
5,441,0.4988175263486892,0.49995697121192734,0.5012367252498579,0.023209095001220703,10.543737649917603,30.275,390.1640625,9.375002900858574,1.1390625,0
5,442,0.4987349513541964,0.4999735920595309,0.5012273162478044,0.023642539978027344,10.56738018989563,20.025,390.1640625,9.349209999876775,1.1390625,0
5,443,0.49872584456370295,0.4999969361128469,0.5012307986123299,0.023846864700317383,10.591227054595947,29.65,390.1640625,9.225577247730017,1.1390625,0
5,444,0.498818743168872,0.5000187150762406,0.501236592511237,0.02353501319885254,10.6147620677948,20.125,390.1640625,9.1539345137271,1.1390625,0
5,445,0.49881529602476615,0.4999831278923477,0.5012292291909788,0.023788928985595703,10.638550996780396,29.625,390.1640625,9.156720504437294,1.1390625,0
5,446,0.498815286027851,0.49996189620677967,0.5012326613944698,0.024738311767578125,10.663289308547974,19.15,390.1640625,9.246894072027997,1.1390625,0
5,447,0.49871000928388165,0.4999570465712705,0.501236761219248,0.023319482803344727,10.686608791351318,30.425,390.1640625,9.398236139258223,1.1390625,0
5,448,0.4988152595719849,0.49996207944611704,0.5011660960265448,0.023603439331054688,10.710212230682373,20.025,390.1640625,9.43337270070408,1.1390625,0
5,449,0.49881835322867657,0.49996470669485604,0.5012367394040215,0.023455381393432617,10.733667612075806,30.2,390.1640625,9.324310903380905,1.1390625,0
5,450,0.4987191314066705,0.4999621853055895,0.5012364625798492,0.023874759674072266,10.757542371749878,19.775,390.1640625,9.309739789401457,1.1390625,0
5,451,0.49875668407657187,0.4999836885041574,0.5012312321990682,0.025974750518798828,10.783517122268677,27.425,390.1640625,9.366011465941257,1.1390625,0
5,452,0.4988160970346484,0.5000103461826702,0.5012258915346168,0.023751020431518555,10.807268142700195,19.95,390.1640625,9.371183261658485,1.1390625,0
5,453,0.49874517911610117,0.5000074330494779,0.5012361149039876,0.02327442169189453,10.83054256439209,30.45,390.1640625,9.270141938300817,1.1390625,0
5,454,0.49871551459331737,0.5000562971745952,0.5012289992174054,0.023145198822021484,10.853687763214111,20.4,390.1640625,9.186573498225252,1.1390625,0
5,455,0.4987841630494387,0.49995860320624436,0.501225611418277,0.024172306060791016,10.877860069274902,29.2,390.1640625,9.274267331643044,1.1390625,0
5,456,0.4988153182555652,0.5000687249734551,0.5012366431449027,0.023656368255615234,10.901516437530518,20.0,390.1640625,9.11851715758513,1.1390625,0
5,457,0.4987280883684598,0.4999876749936628,0.501234472415549,0.023505449295043945,10.925021886825562,30.05,390.1640625,9.016447147541761,1.1390625,0
5,458,0.49870940008198833,0.4999982686298962,0.501233080831983,0.023513078689575195,10.948534965515137,20.075,390.1640625,9.092636944291115,1.1390625,0
5,459,0.4987293568691766,0.4998904417511507,0.5012366952210112,0.025450706481933594,10.97398567199707,27.95,390.1640625,9.26067514009493,1.1390625,0
5,460,0.49872443528198374,0.5000514026891895,0.501236575393704,0.027378320693969727,11.00136399269104,25.8,390.1640625,9.294150135729772,1.1390625,0
5,461,0.4987175352151151,0.500006855642863,0.5012360370759433,0.026662349700927734,11.028026342391968,26.275,390.1640625,9.279542736785661,1.1390625,0
5,462,0.49878129554063216,0.5000332944899629,0.5012366633725114,0.025897741317749023,11.053924083709717,27.175,390.1640625,9.328322948504736,1.1390625,0
5,463,0.49871586298145426,0.500000273383359,0.5012365731817231,0.026288509368896484,11.080212593078613,17.925,390.1640625,9.48189535653863,1.1390625,0
5,464,0.4987244930617018,0.49998156702038926,0.5012365769620731,0.025378704071044922,11.105591297149658,27.75,390.1640625,9.226705242979666,1.1390625,0
5,465,0.49872258942344355,0.499984375992745,0.5012367327170041,0.02392745018005371,11.129518747329712,29.55,390.1640625,9.193216632419455,1.1390625,0
5,466,0.49871185600313545,0.5000064879474919,0.5012333230875511,0.024266719818115234,11.153785467147827,18.95,390.1640625,9.228312137570791,1.1390625,0
5,467,0.4987126422825917,0.49998681982159054,0.5012362543448139,0.023721694946289062,11.177507162094116,29.875,390.1640625,9.054050712696544,1.1390625,0
5,468,0.49870833813321797,0.4999159435816671,0.5012826054662628,0.023536205291748047,11.201043367385864,20.025,390.1640625,9.01637623687123,1.1390625,0
5,469,0.4988156123680157,0.4999514039707391,0.5012362916639903,0.023562908172607422,11.224606275558472,30.1,390.1640625,9.050098483841326,1.1390625,0
5,470,0.4987143555184346,0.5000749568537535,0.5013443769186372,0.023894786834716797,11.248501062393188,19.775,390.1640625,9.206425828042146,1.1390625,0
5,471,0.49874248038969077,0.49996609912510315,0.5012365275717423,0.02346348762512207,11.27196455001831,30.175,390.1640625,9.107689220770224,1.1390625,0
5,472,0.498718600462252,0.4999253122484586,0.5012350397146237,0.024399757385253906,11.296364307403564,19.375,390.1640625,9.012129363071066,1.1390625,0
5,473,0.4987253349196069,0.4999624321382177,0.501289891062646,0.02333831787109375,11.319702625274658,30.375,390.1640625,9.031658197778983,1.1390625,0
5,474,0.49871872182271887,0.5000287339294411,0.5013418172348928,0.023648738861083984,11.343351364135742,20.0,390.1640625,9.14158281693453,1.1390625,0
5,475,0.4987091139531767,0.500012056332363,0.5013351695535481,0.02360987663269043,11.366961240768433,29.95,390.1640625,9.184044121907117,1.1390625,0
5,476,0.49876231496248263,0.49991507219000114,0.5012563539696476,0.023571252822875977,11.390532493591309,20.05,390.1640625,9.02293793321126,1.1390625,0
5,477,0.4987098581249415,0.5000324087151347,0.5012364446651254,0.023102283477783203,11.413634777069092,30.55,390.1640625,9.047884714457187,1.1390625,0
5,478,0.49871132418880726,0.49999364707377436,0.5012367800082151,0.02341747283935547,11.437052249908447,20.175,390.1640625,9.09994071789957,1.1390625,0
5,479,0.4987087243574896,0.4999973082956721,0.5012365201620478,0.02360820770263672,11.460660457611084,30.025,390.1640625,9.10679576536991,1.1390625,0
5,480,0.49871170515568103,0.4999995710077808,0.5012362105399842,0.02338695526123047,11.484047412872314,20.15,390.1640625,9.024963064358786,1.1390625,0
5,481,0.49871710280049397,0.500036266353188,0.5012367250848442,0.023252248764038086,11.507299661636353,30.475,390.1640625,9.010472348029163,1.1390625,0
5,482,0.4986021162480878,0.5000407727642242,0.501349585434835,0.023710250854492188,11.531009912490845,19.925,390.1640625,9.074882504391974,1.1390625,0
5,483,0.4987136457585613,0.5000819857882504,0.5012363194760615,0.024099111557006836,11.555109024047852,29.45,390.1640625,9.202422868053697,1.1390625,0
5,484,0.4987087760672708,0.5000216843800743,0.5012365551994219,0.02423095703125,11.579339981079102,19.45,390.1640625,9.4590179296208,1.1390625,0
5,485,0.498724705650048,0.5001076069097947,0.5013208965234909,0.024872541427612305,11.604212522506714,28.475,390.1640625,9.478292556277434,1.1390625,0
5,486,0.498719349391097,0.5000776821842992,0.5012362984794214,0.023276090621948242,11.627488613128662,30.125,390.1640625,9.346801459213737,1.1390625,0
5,487,0.498747927788627,0.49998518959695704,0.5012361071264075,0.02353215217590332,11.651020765304565,20.075,390.1640625,9.241550912030307,1.1390625,0
5,488,0.4988152469364881,0.5000462953914573,0.501236772808365,0.023245573043823242,11.674266338348389,30.275,390.1640625,9.147014277578124,1.1390625,0
5,489,0.4987146363785913,0.4999984374290923,0.5012354990430203,0.023792743682861328,11.69805908203125,19.8,390.1640625,9.14896158491733,1.1390625,0
5,490,0.49870990462278786,0.4999702789613368,0.5012365385578497,0.02337050437927246,11.721429586410522,30.075,390.1640625,9.016779212837521,1.1390625,0
5,491,0.49871258051874445,0.5000261813922053,0.5012349235162972,0.0235135555267334,11.744943141937256,20.075,390.1640625,8.961453880229376,1.1390625,0
5,492,0.49871323273450674,0.4999858823638769,0.5012360000632126,0.023484230041503906,11.76842737197876,29.675,390.1640625,9.006595977050882,1.1390625,0
5,493,0.4987131901548142,0.5000328982996739,0.5012357848480712,0.023382186889648438,11.791809558868408,20.2,390.1640625,9.145361860549942,1.1390625,0
5,494,0.498709541844923,0.4999694554644225,0.5013054237205405,0.023876428604125977,11.815685987472534,29.5,390.1640625,9.156285547384579,1.1390625,0
5,495,0.49870841760746476,0.5000190863511931,0.5012363168267654,0.023958683013916016,11.83964467048645,19.625,390.1640625,9.06080535310675,1.1390625,0
5,496,0.4987106626402288,0.49999294475501865,0.5013099718544599,0.023411035537719727,11.86305570602417,30.2,390.1640625,9.019642211074773,1.1390625,0
5,497,0.49870968473166055,0.4999543767726419,0.5012467355663317,0.02332448959350586,11.886380195617676,20.175,390.1640625,9.081962179493413,1.1390625,0
5,498,0.4987277333709977,0.5000303744860486,0.5013286246586043,0.023453235626220703,11.909833431243896,29.95,390.1640625,9.095210630509536,1.1390625,0
5,499,0.4987588918519102,0.500005763171888,0.5013495775561666,0.023703575134277344,11.933537006378174,19.925,390.1640625,9.078578819089689,1.1390625,0
5,500,0.49881536477297533,0.5000514786613455,0.5012352903949749,0.02317953109741211,11.956716537475586,30.5,390.1640625,9.165775702635734,1.1390625,0
