run,generation,min_fitness,mean_fitness,max_fitness,time_per_gen,total_time,cpu_percent,cpu_time,memory_used_MB
5,1,0.10455838023216446,0.5071489008178348,0.954289235923882,0.03212261199951172,0.03212261199951172,23.65,1006.54,326.2578125
5,2,0.165019484709939,0.5097469850964568,0.954289235923882,0.02923750877380371,0.06136012077331543,25.65,1006.5699999999999,326.2578125
5,3,0.2387244286520806,0.5116137027479323,0.954289235923882,0.030824661254882812,0.09218478202819824,24.325,1006.6,326.2578125
5,4,0.07961885390770757,0.5217247375904673,0.954289235923882,0.029923677444458008,0.12210845947265625,25.05,1006.63,326.2578125
5,5,0.10227382303404003,0.5287545919222119,0.961204822087437,0.030495643615722656,0.1526041030883789,24.6,1006.66,326.2578125
5,6,0.06853753674473628,0.5246214518040229,0.961204822087437,0.033652305603027344,0.18625640869140625,29.75,1006.6999999999999,326.2578125
5,7,0.06853753674473628,0.5449688969095184,0.961204822087437,0.029622554779052734,0.21587896347045898,25.3,1006.73,326.2578125
5,8,0.10749916935368725,0.5612870707848667,0.961204822087437,0.028315305709838867,0.24419426918029785,26.475,1006.76,326.2578125
5,9,0.06853753674473628,0.5743339438844968,0.961204822087437,0.029441356658935547,0.2736356258392334,25.475,1006.79,326.2578125
5,10,0.06853753674473628,0.5976339646896986,0.961204822087437,0.028557777404785156,0.30219340324401855,17.5,1006.81,326.2578125
5,11,0.10202625897555523,0.618246210990025,0.961204822087437,0.027464866638183594,0.32965826988220215,27.3,1006.8399999999999,326.2578125
5,12,0.20368955868392918,0.6535927169802805,0.961204822087437,0.02865147590637207,0.3583097457885742,26.175,1006.87,326.2578125
5,13,0.06853753674473628,0.7074613620578181,0.961204822087437,0.02812361717224121,0.38643336296081543,26.675,1006.9,326.2578125
5,14,0.21946181045544205,0.7744735634937507,0.961204822087437,0.027364730834960938,0.41379809379577637,27.4,1006.93,326.2578125
5,15,0.20368955868392918,0.809031039972652,0.961204822087437,0.02627086639404297,0.44006896018981934,19.025,1006.9499999999999,326.2578125
5,16,0.25236683584226316,0.8698059523568313,0.961204822087437,0.026694536209106445,0.4667634963989258,28.1,1006.98,326.2578125
5,17,0.22158440965748621,0.8953429852696029,0.961204822087437,0.0260465145111084,0.4928100109100342,19.2,1007.0,326.2578125
5,18,0.22158440965748621,0.9023819512849691,0.961204822087437,0.026201248168945312,0.5190112590789795,28.675,1007.03,326.2578125
5,19,0.21050342657989946,0.9356714553647979,0.961204822087437,0.025423288345336914,0.5444345474243164,29.475,1007.06,326.2578125
5,20,0.19216720574320462,0.9408481004562743,0.961204822087437,0.0262758731842041,0.5707104206085205,19.025,1007.0799999999999,326.2578125
5,21,0.35096669634764616,0.93442824958096,0.961204822087437,0.024462223052978516,0.595172643661499,30.65,1007.11,326.2578125
5,22,0.24024118186967658,0.9363737747991973,0.961204822087437,0.025594234466552734,0.6207668781280518,19.525,1007.13,326.2578125
5,23,0.24024118186967658,0.944240675939106,0.961204822087437,0.025344133377075195,0.646111011505127,29.6,1007.16,326.2578125
5,24,0.18174768934295388,0.9411198791043419,0.961204822087437,0.02582526206970215,0.6719362735748291,19.35,1007.18,326.2578125
5,25,0.4942911539091097,0.9520105301745561,0.961204822087437,0.026567697525024414,0.6985039710998535,28.25,1007.2099999999999,326.2578125
5,26,0.46519243253908205,0.9425652757896554,0.961204822087437,0.026189327239990234,0.7246932983398438,28.625,1007.24,326.2578125
5,27,0.30029171080393835,0.9378609867190643,0.961204822087437,0.02620697021484375,0.7509002685546875,19.075,1007.26,326.2578125
5,28,0.2605706370666458,0.9398726686348731,0.961204822087437,0.026329755783081055,0.7772300243377686,28.475,1007.29,326.2578125
5,29,0.24563324511656665,0.9382342538186731,0.961204822087437,0.02648019790649414,0.8037102222442627,28.325,1007.3199999999999,326.2578125
5,30,0.06806543325817488,0.9331604379515532,0.961204822087437,0.02701091766357422,0.8307211399078369,18.5,1007.3399999999999,326.2578125
5,31,0.2605706370666458,0.93375054434589,0.961204822087437,0.02811264991760254,0.8588337898254395,26.675,1007.37,326.2578125
5,32,0.05892588371564211,0.9423151241516663,0.961204822087437,0.02625274658203125,0.8850865364074707,28.575,1007.4,326.2578125
5,33,0.38902963892332926,0.9409942098496688,0.961204822087437,0.027127981185913086,0.9122145175933838,18.45,1007.42,326.2578125
5,34,0.36165234889864567,0.9333291552395897,0.961204822087437,0.025576353073120117,0.9377908706665039,29.3,1007.4499999999999,326.2578125
5,35,0.4573514677534173,0.9310338242118156,0.961204822087437,0.026438236236572266,0.9642291069030762,28.375,1007.48,326.2578125
5,36,0.22821337097824412,0.9313850231389804,0.961204822087437,0.027208805084228516,0.9914379119873047,18.375,1007.5,326.2578125
5,37,0.32819725978383674,0.9353686062139434,0.961204822087437,0.025495529174804688,1.0169334411621094,29.425,1007.53,326.2578125
5,38,0.12670946310584597,0.9404433321958893,0.961204822087437,0.025235891342163086,1.0421693325042725,19.8,1007.55,326.2578125
5,39,0.4082508937394939,0.937297424985979,0.961204822087437,0.025842666625976562,1.068011999130249,29.025,1007.5799999999999,326.2578125
5,40,0.21186788471697254,0.9284843444681895,0.961204822087437,0.026103734970092773,1.0941157341003418,28.725,1007.61,326.2578125
5,41,0.20924178195597565,0.9262896887584712,0.961204822087437,0.02615976333618164,1.1202754974365234,19.125,1007.63,326.2578125
5,42,0.24963327927300172,0.9319745624621643,0.961204822087437,0.026183128356933594,1.146458625793457,28.65,1007.66,326.2578125
5,43,0.3003643670100062,0.9368896076479557,0.961204822087437,0.0265805721282959,1.173039197921753,18.825,1007.6899999999999,326.2578125
5,44,0.16084502112574972,0.9391383908283333,0.961204822087437,0.026064395904541016,1.199103593826294,28.775,1007.7099999999999,326.2578125
5,45,0.021474088955156068,0.9337392657178776,0.961204822087437,0.025617599487304688,1.2247211933135986,29.275,1007.74,326.2578125
5,46,0.43991931546955143,0.9434357554154058,0.961204822087437,0.026257991790771484,1.2509791851043701,19.05,1007.76,326.2578125
5,47,0.4239315976043381,0.9356883448039518,0.961204822087437,0.02494025230407715,1.2759194374084473,30.075,1007.79,326.2578125
5,48,0.26531419040093857,0.941739772065861,0.961204822087437,0.02633213996887207,1.3022515773773193,19.0,1007.81,326.2578125
5,49,0.41071752945459955,0.9405678695123693,0.961204822087437,0.02626967430114746,1.3285212516784668,28.525,1007.8399999999999,326.2578125
5,50,0.41071752945459955,0.9439685602400091,0.961204822087437,0.025608062744140625,1.3541293144226074,29.3,1007.87,326.2578125
5,51,0.14356281682123567,0.9395561027531362,0.961204822087437,0.026652097702026367,1.3807814121246338,18.75,1007.89,326.2578125
5,52,0.25318855035617094,0.9457390320017283,0.961204822087437,0.025953292846679688,1.4067347049713135,28.9,1007.92,326.2578125
5,53,0.3200562139748575,0.9408513836483057,0.961204822087437,0.02573990821838379,1.4324746131896973,19.425,1007.9399999999999,326.2578125
5,54,0.29429524558258746,0.9363871958395639,0.961204822087437,0.02577972412109375,1.458254337310791,29.1,1007.9699999999999,326.2578125
5,55,0.38033703096102955,0.9403304390066446,0.961204822087437,0.025563955307006836,1.4838182926177979,29.35,1008.0,326.2578125
5,56,0.4881386307383191,0.945507400560075,0.961204822087437,0.026681184768676758,1.5104994773864746,18.75,1008.02,326.2578125
5,57,0.11089637832000732,0.9475338188820716,0.961204822087437,0.027241945266723633,1.5377414226531982,27.575,1008.05,326.2578125
5,58,0.1915024352132364,0.9453485372683016,0.961204822087437,0.028070449829101562,1.5658118724822998,26.725,1008.0799999999999,326.2578125
5,59,0.02156116687365134,0.9386040238024258,0.961204822087437,0.026073932647705078,1.5918858051300049,19.2,1008.1,326.2578125
5,60,0.16284241668968658,0.9299504333173187,0.961204822087437,0.02554798126220703,1.617433786392212,29.275,1008.13,326.2578125
5,61,0.16284241668968658,0.9293897902719707,0.961204822087437,0.02492213249206543,1.6423559188842773,20.05,1008.15,326.2578125
5,62,0.3587349362432408,0.9330496250766769,0.961204822087437,0.026017189025878906,1.6683731079101562,28.825,1008.18,326.2578125
5,63,0.4223865410199139,0.9355698018735142,0.961204822087437,0.025601625442504883,1.6939747333526611,29.3,1008.2099999999999,326.2578125
5,64,0.10201919579585617,0.9380399319852382,0.961204822087437,0.025953292846679688,1.7199280261993408,19.25,1008.23,326.2578125
5,65,0.2123005982741118,0.9371453357261758,0.961204822087437,0.02605724334716797,1.7459852695465088,28.775,1008.26,326.2578125
5,66,0.2033798143296553,0.9403820929549984,0.961204822087437,0.026165246963500977,1.7721505165100098,19.1,1008.28,326.2578125
5,67,0.17394812347132899,0.9383679087640631,0.961204822087437,0.026285886764526367,1.7984364032745361,28.55,1008.31,326.2578125
5,68,0.20978375060860044,0.9414354947103525,0.961204822087437,0.024817466735839844,1.823253870010376,30.2,1008.3399999999999,326.2578125
5,69,0.20978375060860044,0.9400936184481102,0.961204822087437,0.026709794998168945,1.849963665008545,18.725,1008.36,326.2578125
5,70,0.06708486632590022,0.9345745052796369,0.961204822087437,0.026452064514160156,1.876415729522705,28.35,1008.39,326.2578125
5,71,0.4754212781381164,0.9420344532231157,0.961204822087437,0.027734041213989258,1.9041497707366943,27.05,1008.42,326.2578125
5,72,0.39257698940004165,0.9291253240949614,0.961204822087437,0.02666950225830078,1.9308192729949951,18.725,1008.4399999999999,326.2578125
5,73,0.39257698940004165,0.9278919957958788,0.961204822087437,0.028545141220092773,1.959364414215088,26.3,1008.4699999999999,326.2578125
5,74,0.4779545210333246,0.9373268317044455,0.961204822087437,0.026364564895629883,1.9857289791107178,28.4,1008.5,326.2578125
5,75,0.45790803309376865,0.9378198710719768,0.961204822087437,0.02646493911743164,2.0121939182281494,18.9,1008.52,326.2578125
5,76,0.30694804498824646,0.9419045015477654,0.961204822087437,0.025287389755249023,2.0374813079833984,29.65,1008.55,326.2578125
5,77,0.44550216946333954,0.9373542195864,0.961204822087437,0.02553844451904297,2.0630197525024414,29.375,1008.5799999999999,326.2578125
5,78,0.44550216946333954,0.9370517808689204,0.961204822087437,0.02599358558654785,2.0890133380889893,19.225,1008.6,326.2578125
5,79,0.3824073625513223,0.9461505528301756,0.961204822087437,0.02689957618713379,2.115912914276123,27.875,1008.63,326.2578125
5,80,0.4226030762650823,0.9430279567460389,0.961204822087437,0.024192094802856445,2.1401050090789795,20.675,1008.65,326.2578125
5,81,0.33215443931759786,0.9384081252927163,0.961204822087437,0.025027990341186523,2.165132999420166,29.975,1008.68,326.2578125
5,82,0.09829948135869154,0.939062428945782,0.961204822087437,0.026530742645263672,2.1916637420654297,18.875,1008.6999999999999,326.2578125
5,83,0.22038115476476972,0.9366048664230912,0.961204822087437,0.031044483184814453,2.222708225250244,24.125,1008.73,326.2578125
5,84,0.4579342060699201,0.9438766631004248,0.961204822087437,0.025902748107910156,2.2486109733581543,28.925,1008.76,326.2578125
5,85,0.3821733108643688,0.9398164811468114,0.961204822087437,0.026335954666137695,2.274946928024292,19.0,1008.78,326.2578125
5,86,0.455646035059785,0.9428234856510195,0.961204822087437,0.026190519332885742,2.3011374473571777,28.65,1008.81,326.2578125
5,87,0.20492659211877573,0.9336691915945455,0.961204822087437,0.02653646469116211,2.32767391204834,28.25,1008.8399999999999,326.2578125
5,88,0.18329881681069793,0.9378271881491521,0.961204822087437,0.026299238204956055,2.353973150253296,19.0,1008.86,326.2578125
5,89,0.13204282124391398,0.9377169917473837,0.961204822087437,0.027313232421875,2.381286382675171,27.45,1008.89,326.2578125
5,90,0.28808101978290024,0.9318618781332141,0.961204822087437,0.025911808013916016,2.407198190689087,28.95,1008.92,326.2578125
5,91,0.43406985409055315,0.9438615239076855,0.96177198519893,0.026163339614868164,2.433361530303955,19.1,1008.9399999999999,326.2578125
5,92,0.3860993955197599,0.9395041062416435,0.96177198519893,0.025207996368408203,2.4585695266723633,29.75,1008.9699999999999,326.2578125
5,93,0.38567698288753144,0.9355091456454432,0.96177198519893,0.026433229446411133,2.4850027561187744,18.925,1008.99,326.2578125
5,94,0.1542481516190159,0.9427554743257903,0.96177198519893,0.026190519332885742,2.51119327545166,28.65,1009.02,326.2578125
5,95,0.38567698288753144,0.9431876546079023,0.96177198519893,0.025211572647094727,2.536404848098755,19.825,1009.04,326.2578125
5,96,0.07318694775634488,0.9406191112165228,0.96177198519893,0.02740788459777832,2.563812732696533,27.375,1009.0699999999999,326.2578125
5,97,0.250939080249448,0.9314647179432857,0.96177198519893,0.026267290115356445,2.5900800228118896,28.55,1009.1,326.2578125
5,98,0.27501412812948767,0.9400780839808069,0.96177198519893,0.026042461395263672,2.6161224842071533,19.2,1009.12,326.2578125
5,99,0.33410581107436677,0.9389910636663694,0.96177198519893,0.025537967681884766,2.641660451889038,29.375,1009.15,326.2578125
5,100,0.22450684859034387,0.9390391692458344,0.96177198519893,0.02570319175720215,2.6673636436462402,29.175,1009.18,326.2578125
5,101,0.22450684859034387,0.9368777335437201,0.96177198519893,0.026327133178710938,2.693690776824951,19.0,1009.1999999999999,326.2578125
5,102,0.43926559974363344,0.9410803717411581,0.96177198519893,0.02534794807434082,2.719038724899292,29.575,1009.23,326.2578125
5,103,0.43926559974363344,0.9349713401259769,0.96177198519893,0.026441574096679688,2.7454802989959717,18.9,1009.25,326.2578125
5,104,0.27910726597517665,0.9258234222358508,0.96177198519893,0.02577662467956543,2.771256923675537,29.1,1009.28,326.2578125
5,105,0.27910726597517665,0.9302528236849053,0.96177198519893,0.02588963508605957,2.7971465587615967,28.975,1009.31,326.2578125
5,106,0.3416445163605196,0.9334212469847126,0.96177198519893,0.02605581283569336,2.82320237159729,19.175,1009.3299999999999,326.2578125
5,107,0.3345249891219363,0.9417167863275824,0.96177198519893,0.027201414108276367,2.8504037857055664,27.575,1009.36,326.2578125
5,108,0.09964266199621208,0.9427653286918075,0.9866703282029818,0.025681018829345703,2.876084804534912,29.3,1009.39,326.2578125
5,109,0.15953880013160632,0.9395119290243822,0.9866703282029818,0.026865243911743164,2.9029500484466553,18.575,1009.41,326.2578125
5,110,0.42641303371537553,0.9430541908287944,0.9866703282029818,0.02535247802734375,2.928302526473999,29.55,1009.4399999999999,326.2578125
5,111,0.41508349533952743,0.9421003661236389,0.9866703282029818,0.025473833084106445,2.9537763595581055,19.625,1009.4599999999999,326.2578125
5,112,0.23474897164502379,0.9391899344065214,0.9866703282029818,0.02503061294555664,2.978806972503662,29.975,1009.49,326.2578125
5,113,0.4259952867225526,0.9411159690004675,0.9866703282029818,0.025681734085083008,3.004488706588745,19.475,1009.51,326.2578125
5,114,0.4259952867225526,0.9435701682677393,0.9866703282029818,0.02455735206604004,3.029046058654785,30.525,1009.54,326.2578125
5,115,0.4838491567666256,0.9487285411956929,0.9866703282029818,0.025175809860229492,3.0542218685150146,19.85,1009.56,326.2578125
5,116,0.035750415347533815,0.9337893549546253,0.9866703282029818,0.025147438049316406,3.079369306564331,29.825,1009.5899999999999,326.2578125
5,117,0.47562218157848246,0.9474208991690759,0.9866703282029818,0.026085615158081055,3.105454921722412,19.175,1009.61,326.2578125
5,118,0.4786567817380729,0.9449143708467734,0.9866703282029818,0.024273395538330078,3.129728317260742,30.9,1009.64,326.2578125
5,119,0.23483972450424945,0.9411212588678529,0.9866703282029818,0.025089502334594727,3.154817819595337,19.925,1009.66,326.2578125
5,120,0.2525858687399635,0.9399812630027418,0.9866703282029818,0.024312734603881836,3.1791305541992188,30.85,1009.6899999999999,326.2578125
5,121,0.3340670328090713,0.9413182887566984,0.9866703282029818,0.025583982467651367,3.20471453666687,19.55,1009.7099999999999,326.2578125
5,122,0.27607078562898957,0.9315408357730085,0.9866703282029818,0.025207042694091797,3.229921579360962,29.725,1009.74,326.2578125
5,123,0.3767281566427716,0.9390402709516248,0.9866703282029818,0.02493143081665039,3.2548530101776123,20.05,1009.76,326.2578125
5,124,0.40900596352564295,0.9486226178083709,0.9866703282029818,0.024766921997070312,3.2796199321746826,30.325,1009.79,326.2578125
5,125,0.2334682889979393,0.9468713855093729,0.9866703282029818,0.025075912475585938,3.3046958446502686,29.875,1009.8199999999999,326.2578125
5,126,0.34889698688377846,0.9433333091146432,0.9866703282029818,0.024453401565551758,3.3291492462158203,20.45,1009.8399999999999,326.2578125
5,127,0.2601399272747196,0.9433337354816312,0.9866703282029818,0.02562856674194336,3.3547778129577637,29.25,1009.87,326.2578125
5,128,0.10740097572221297,0.9406657489515231,0.9866703282029818,0.0251007080078125,3.379878520965576,19.925,1009.89,326.2578125
5,129,0.29349863546041055,0.9437188243787387,0.9866703282029818,0.025228261947631836,3.405106782913208,29.75,1009.92,326.2578125
5,130,0.36844790850334463,0.9422279234274104,0.9866703282029818,0.023508548736572266,3.4286153316497803,21.25,1009.9399999999999,326.2578125
5,131,0.34029388316513104,0.9389611414822211,0.9866703282029818,0.025616884231567383,3.4542322158813477,29.275,1009.9699999999999,326.2578125
5,132,0.2660397823385662,0.9474649880716812,0.9866703282029818,0.024916410446166992,3.4791486263275146,20.075,1009.99,326.2578125
5,133,0.27756931254738054,0.9348464262541253,0.9866703282029818,0.024698495864868164,3.503847122192383,30.375,1010.02,326.2578125
5,134,0.17233983896884164,0.9408147972681605,0.9866703282029818,0.024997711181640625,3.5288448333740234,20.0,1010.04,326.2578125
5,135,0.11924022033110748,0.9373489891107519,0.9866703282029818,0.025729894638061523,3.554574728012085,29.15,1010.0699999999999,326.2578125
5,136,0.3817753234592298,0.9395698816016208,0.9866703282029818,0.024341583251953125,3.578916311264038,20.525,1010.0899999999999,326.2578125
5,137,0.4769193765032316,0.9451110890371525,0.9866703282029818,0.025346994400024414,3.6042633056640625,29.6,1010.12,326.2578125
5,138,0.40608825817647,0.9522730869497372,0.9866703282029818,0.02545905113220215,3.6297223567962646,19.625,1010.14,326.2578125
5,139,0.3853601850065107,0.9530630723357871,0.9866703282029818,0.02446293830871582,3.6541852951049805,30.65,1010.17,326.2578125
5,140,0.16321464419688791,0.9419898969039028,0.9866703282029818,0.02453160285949707,3.6787168979644775,20.375,1010.1899999999999,326.2578125
5,141,0.03236333490417409,0.9464017094235555,0.9866703282029818,0.025171279907226562,3.703888177871704,19.875,1010.2199999999999,326.2578125
5,142,0.2604374294112497,0.9496360039234161,0.9866703282029818,0.023779869079589844,3.727668046951294,31.525,1010.24,326.2578125
5,143,0.3463965729009646,0.9449629723435419,0.9866703282029818,0.02491140365600586,3.7525794506073,20.075,1010.26,326.2578125
5,144,0.363824710086027,0.9492622544155138,0.9866703282029818,0.024831056594848633,3.7774105072021484,30.2,1010.29,326.2578125
5,145,0.2604374294112497,0.9534061402877815,0.9866703282029818,0.025090456008911133,3.8025009632110596,19.925,1010.31,326.2578125
5,146,0.0630230183478041,0.9549324839930202,0.9866703282029818,0.025433778762817383,3.827934741973877,29.525,1010.3399999999999,326.2578125
5,147,0.4015809986061054,0.9584509983620746,0.9866703282029818,0.027435302734375,3.855370044708252,27.325,1010.37,326.2578125
5,148,0.29987115472218795,0.9552274163097271,0.9866703282029818,0.026292800903320312,3.8816628456115723,19.025,1010.39,326.2578125
5,149,0.29032507013805586,0.9483761581620609,0.9866703282029818,0.024892568588256836,3.906555414199829,30.125,1010.42,326.2578125
5,150,0.13656881356206085,0.9503091575912879,0.9866703282029818,0.02451348304748535,3.9310688972473145,20.375,1010.4399999999999,326.2578125
5,151,0.056691286906004446,0.9485019773120572,0.9866703282029818,0.02545785903930664,3.956526756286621,29.475,1010.4699999999999,326.2578125
5,152,0.48004009881135684,0.957495661350019,0.9866703282029818,0.024318456649780273,3.9808452129364014,20.55,1010.49,326.2578125
5,153,0.1530616836516071,0.953702412369367,0.9866703282029818,0.025246381759643555,4.006091594696045,29.7,1010.52,326.2578125
5,154,0.2612545504499436,0.9522549374991244,0.9866703282029818,0.025162935256958008,4.031254529953003,19.875,1010.54,326.2578125
5,155,0.422598275574614,0.9580905058983887,0.9866703282029818,0.02504134178161621,4.056295871734619,30.0,1010.5699999999999,326.2578125
5,156,0.4201631583485761,0.9520571692363803,0.9866703282029818,0.02441263198852539,4.0807085037231445,20.45,1010.5899999999999,326.2578125
5,157,0.3442637933569149,0.9505823394155641,0.9866703282029818,0.02531886100769043,4.106027364730835,29.625,1010.62,326.2578125
5,158,0.3442637933569149,0.9457247609815795,0.9866703282029818,0.026505708694458008,4.132533073425293,18.85,1010.64,326.2578125
5,159,0.15766949048602746,0.9492661595217405,0.9866703282029818,0.02992844581604004,4.162461519241333,25.1,1010.67,326.2578125
5,160,0.38293478093914746,0.9521165449930981,0.9866703282029818,0.02560114860534668,4.18806266784668,29.25,1010.6999999999999,326.2578125
5,161,0.2528168048742101,0.9578486929441029,0.9866703282029818,0.026047229766845703,4.214109897613525,28.8,1010.7299999999999,326.2578125
5,162,0.13965770679344425,0.9577926913938056,0.9866703282029818,0.025409698486328125,4.2395195960998535,19.7,1010.75,326.2578125
5,163,0.05772020625427515,0.9583594604174048,0.9866703282029818,0.026212453842163086,4.265732049942017,28.6,1010.78,326.2578125
5,164,0.4511175025877356,0.9650494420886944,0.9866703282029818,0.02650308609008789,4.2922351360321045,28.325,1010.81,326.2578125
5,165,0.14400201190222484,0.9590349389988012,0.9866703282029818,0.025152206420898438,4.317387342453003,29.8,1010.8399999999999,326.2578125
5,166,0.022488801545460846,0.9555699233361734,0.9866703282029818,0.025045156478881836,4.342432498931885,19.95,1010.8599999999999,326.2578125
5,167,0.4387741449980914,0.954069043919742,0.9866703282029818,0.025771379470825195,4.36820387840271,29.1,1010.89,326.2578125
5,168,0.41023802705804496,0.9511564440025402,0.9866703282029818,0.025800228118896484,4.3940041065216064,19.375,1010.91,326.2578125
5,169,0.23320511246844622,0.9543978861645124,0.9866703282029818,0.024066448211669922,4.418070554733276,31.15,1010.9399999999999,326.2578125
5,170,0.06720404221801779,0.95257486501471,0.9866703282029818,0.026056766510009766,4.444127321243286,19.2,1010.9599999999999,326.2578125
5,171,0.43105484771510216,0.9612628450056093,0.9866703282029818,0.026001930236816406,4.4701292514801025,28.85,1010.9899999999999,326.2578125
5,172,0.06596328336314716,0.9627675269583179,0.9866703282029818,0.025635957717895508,4.495765209197998,19.5,1011.01,326.2578125
5,173,0.10545581867527448,0.9555488376477101,0.9866703282029818,0.025656938552856445,4.5214221477508545,29.225,1011.04,326.2578125
5,174,0.30636939884867564,0.9521711966071205,0.9866703282029818,0.02515888214111328,4.546581029891968,19.875,1011.06,326.2578125
5,175,0.03219801423858737,0.961778907212064,0.9866703282029818,0.02843618392944336,4.575017213821411,26.4,1011.0899999999999,326.2578125
5,176,0.2266365735692341,0.9638870733019411,0.9866703282029818,0.02622365951538086,4.601240873336792,28.575,1011.12,326.2578125
5,177,0.38038521983824536,0.9662167066837909,0.9866703282029818,0.026689529418945312,4.627930402755737,28.1,1011.15,326.2578125
5,178,0.26919710529793783,0.966045840746387,0.9866703282029818,0.02611231803894043,4.654042720794678,19.15,1011.17,326.2578125
5,179,0.3968269565510844,0.9684826647011784,0.9866703282029818,0.026517868041992188,4.68056058883667,28.275,1011.1999999999999,326.2578125
5,180,0.29309883406236126,0.968204911888561,0.9866703282029818,0.028019189834594727,4.708579778671265,26.775,1011.2299999999999,326.2578125
5,181,0.157697348772468,0.9703830138943902,0.9866703282029818,0.02832961082458496,4.73690938949585,26.475,1011.26,326.2578125
5,182,0.46084598483019634,0.9661989268121421,0.9866703282029818,0.027127504348754883,4.7640368938446045,18.425,1011.28,326.2578125
5,183,0.4129310311565763,0.9663648909628807,0.9866703282029818,0.027269601821899414,4.791306495666504,27.525,1011.31,326.2578125
5,184,0.1300517247896385,0.9687877762444919,0.9866703282029818,0.027807235717773438,4.819113731384277,26.975,1011.3399999999999,326.2578125
5,185,0.460737642659224,0.9689935072714462,0.9866703282029818,0.02933955192565918,4.8484532833099365,25.6,1011.37,326.2578125
5,186,0.33041238622405367,0.9619196253859297,0.9866703282029818,0.028484344482421875,4.876937627792358,26.3,1011.4,326.2578125
5,187,0.024675520675377538,0.9441302448844628,0.9866703282029818,0.026882171630859375,4.903819799423218,18.6,1011.42,326.2578125
5,188,0.4031081636898689,0.9495281549043945,0.9901001918084145,0.026160717010498047,4.929980516433716,28.65,1011.4499999999999,326.2578125
5,189,0.3725187035695293,0.9476258478406319,0.9901001918084145,0.02799248695373535,4.957973003387451,26.8,1011.4799999999999,326.2578125
5,190,0.4094340310288012,0.9501912740823922,0.9901001918084145,0.025236845016479492,4.983209848403931,19.8,1011.5,326.2578125
5,191,0.38924224245040606,0.9664192496316907,0.9901001918084145,0.026328086853027344,5.009537935256958,28.5,1011.53,326.2578125
5,192,0.2460139670744046,0.9612664150567705,0.9901001918084145,0.026062965393066406,5.035600900650024,19.2,1011.55,326.2578125
5,193,0.18097010048521955,0.961111292825512,0.9901001918084145,0.026612043380737305,5.062212944030762,28.15,1011.5799999999999,326.2578125
5,194,0.44012201093320125,0.9592542656605652,0.9901001918084145,0.026154518127441406,5.088367462158203,28.675,1011.6099999999999,326.2578125
5,195,0.19085530435351283,0.9571668983628149,0.9901001918084145,0.027335405349731445,5.115702867507935,18.3,1011.63,326.2578125
5,196,0.43638148153759504,0.9567521487453876,0.9901001918084145,0.027175426483154297,5.142878293991089,27.6,1011.66,326.2578125
5,197,0.40404753960153417,0.9668636000468659,0.9901001918084145,0.027912378311157227,5.170790672302246,26.875,1011.6899999999999,326.2578125
5,198,0.15751762964180882,0.963498607462035,0.9901001918084145,0.02750253677368164,5.198293209075928,27.275,1011.7199999999999,326.2578125
5,199,0.2064336250663487,0.9658429689017581,0.9901001918084145,0.02619194984436035,5.224485158920288,19.075,1011.7399999999999,326.2578125
5,200,0.1800056859289353,0.9656032888012704,0.9901001918084145,0.02557539939880371,5.250060558319092,29.325,1011.77,326.2578125
5,201,0.4241129095671283,0.9687432322687796,0.9901001918084145,0.02687358856201172,5.2769341468811035,27.9,1011.8,326.2578125
5,202,0.21302440749235257,0.95925006408004,0.9901001918084145,0.026287555694580078,5.303221702575684,19.025,1011.8199999999999,326.2578125
5,203,0.4587397755104391,0.9649818312440178,0.9901001918084145,0.026575803756713867,5.3297975063323975,28.225,1011.8499999999999,326.2578125
5,204,0.04538235170885879,0.9581848820451253,0.9901001918084145,0.02692866325378418,5.356726169586182,27.85,1011.88,326.2578125
5,205,0.10324036409923115,0.9589440223729212,0.9901001918084145,0.026722431182861328,5.383448600769043,18.7,1011.9,326.2578125
5,206,0.1791945026890484,0.9624673010609206,0.9901001918084145,0.02710580825805664,5.4105544090271,27.675,1011.93,326.2578125
5,207,0.25405141409260995,0.9644944136822035,0.9901001918084145,0.025697946548461914,5.4362523555755615,29.175,1011.9599999999999,326.2578125
5,208,0.10127174069021372,0.9538710003672576,0.9901001918084145,0.027890443801879883,5.464142799377441,17.95,1011.9799999999999,326.2578125
5,209,0.2232190101969831,0.9639492331696001,0.9901001918084145,0.02793598175048828,5.49207878112793,26.8,1012.01,326.2578125
5,210,0.36928563291090455,0.9695696788087087,0.9901001918084145,0.027636289596557617,5.519715070724487,27.125,1012.04,326.2578125
5,211,0.441334659553534,0.9768809046623456,0.9901001918084145,0.026182889938354492,5.545897960662842,28.65,1012.0699999999999,326.2578125
5,212,0.441334659553534,0.978311707958593,0.9901001918084145,0.027470827102661133,5.573368787765503,18.2,1012.0899999999999,326.2578125
5,213,0.48545450742195856,0.9782094914692565,0.9901001918084145,0.02626943588256836,5.599638223648071,28.625,1012.12,326.2578125
5,214,0.3085918551412773,0.9762696689398879,0.9901001918084145,0.026352405548095703,5.625990629196167,28.375,1012.15,326.2578125
5,215,0.4806989883608136,0.9727763030571038,0.9901001918084145,0.02567005157470703,5.651660680770874,19.475,1012.17,326.2578125
5,216,0.4252618603618233,0.9690768977209939,0.9901001918084145,0.026856660842895508,5.6785173416137695,27.925,1012.1999999999999,326.2578125
5,217,0.04636890616229977,0.9675152267577984,0.9901001918084145,0.02611827850341797,5.7046356201171875,19.15,1012.2199999999999,326.2578125
5,218,0.04636890616229977,0.962658108090696,0.9901001918084145,0.026276588439941406,5.730912208557129,28.525,1012.25,326.2578125
5,219,0.246038998881159,0.9757459836658672,0.9901001918084145,0.026444673538208008,5.757356882095337,28.35,1012.28,326.2578125
5,220,0.16800865733160164,0.970091500010938,0.9901001918084145,0.025681257247924805,5.783038139343262,19.475,1012.3,326.2578125
5,221,0.20814773536929265,0.9676387988792834,0.9901001918084145,0.025430679321289062,5.808468818664551,29.5,1012.3299999999999,326.2578125
5,222,0.37951868864539573,0.9658018469613373,0.9901001918084145,0.027190446853637695,5.8356592655181885,27.575,1012.3599999999999,326.2578125
5,223,0.12992492634059521,0.9623848571818819,0.9901001918084145,0.028315067291259766,5.863974332809448,17.65,1012.38,326.2578125
5,224,0.2538603577847752,0.9647676799698555,0.9901001918084145,0.026352643966674805,5.890326976776123,28.475,1012.41,326.2578125
5,225,0.05651199448210781,0.9549054249294052,0.9901001918084145,0.027001619338989258,5.917328596115112,27.875,1012.4399999999999,326.2578125
5,226,0.34743680256528364,0.957016895907533,0.9901001918084145,0.025823116302490234,5.9431517124176025,19.275,1012.4599999999999,326.2578125
5,227,0.05895639331128455,0.9506986129405937,0.9901001918084145,0.025871992111206055,5.969023704528809,29.0,1012.4899999999999,326.2578125
5,228,0.39221479676809407,0.9585916756725504,0.9901001918084145,0.026220321655273438,5.995244026184082,19.075,1012.51,326.2578125
5,229,0.2934867386082733,0.9649799604381335,0.9901001918084145,0.02642202377319336,6.021666049957275,28.375,1012.54,326.2578125
5,230,0.36438394692489506,0.9597069255377719,0.9901001918084145,0.024848222732543945,6.046514272689819,30.175,1012.5699999999999,326.2578125
5,231,0.41698634888947117,0.9590628940284711,0.9901001918084145,0.025496482849121094,6.07201075553894,19.625,1012.5899999999999,326.2578125
5,232,0.44437086424134686,0.9552772249248754,0.9901001918084145,0.025255680084228516,6.097266435623169,29.725,1012.62,326.2578125
5,233,0.38975611038173635,0.9612844651132885,0.9901001918084145,0.026127099990844727,6.123393535614014,19.125,1012.64,326.2578125
5,234,0.2334125770260047,0.9625654682350813,0.9901001918084145,0.025795459747314453,6.149188995361328,29.075,1012.67,326.2578125
5,235,0.10749474190441527,0.9681842531213422,0.9901001918084145,0.0254056453704834,6.1745946407318115,19.7,1012.6899999999999,326.2578125
5,236,0.3368347597101855,0.9743436861994144,0.9901001918084145,0.026454687118530273,6.201049327850342,28.35,1012.7199999999999,326.2578125
5,237,0.1670198177562081,0.9682936017307776,0.9901001918084145,0.02551746368408203,6.226566791534424,29.375,1012.75,326.2578125
5,238,0.22137279489238365,0.9700074754588477,0.9901001918084145,0.025899410247802734,6.252466201782227,19.3,1012.77,326.2578125
5,239,0.48421176834130536,0.9772325276261419,0.9901001918084145,0.025643348693847656,6.278109550476074,29.25,1012.8,326.2578125
5,240,0.4131287161069397,0.9741742344208212,0.9901001918084145,0.02644944190979004,6.304558992385864,18.9,1012.8199999999999,326.2578125
5,241,0.36445496758529594,0.9719217829799178,0.9901001918084145,0.025022268295288086,6.329581260681152,29.975,1012.8499999999999,326.2578125
5,242,0.4838737041805548,0.9729060251062054,0.9901001918084145,0.025673866271972656,6.355255126953125,19.475,1012.87,326.2578125
5,243,0.37872253875655215,0.9724218334331367,0.9901001918084145,0.025799989700317383,6.381055116653442,29.075,1012.9,326.2578125
5,244,0.41299891055237353,0.97642982209272,0.9901001918084145,0.02720499038696289,6.408260107040405,27.575,1012.93,326.2578125
5,245,0.27943924805470144,0.9736358935434155,0.9901001918084145,0.02618861198425293,6.434448719024658,19.1,1012.9499999999999,326.2578125
5,246,0.4875277805576476,0.9780409653391775,0.9901001918084145,0.02611851692199707,6.460567235946655,28.725,1012.9799999999999,326.2578125
5,247,0.11959039656881743,0.9711050552351065,0.9901001918084145,0.02505207061767578,6.485619306564331,29.95,1013.01,326.2578125
5,248,0.11959039656881743,0.9673227086571528,0.9901001918084145,0.02578282356262207,6.511402130126953,19.4,1013.03,326.2578125
5,249,0.4776046732669927,0.968465781372299,0.9901001918084145,0.026585817337036133,6.537987947463989,28.2,1013.06,326.2578125
5,250,0.021933577326581577,0.9614826664188592,0.9901001918084145,0.02515435218811035,6.5631422996521,19.875,1013.0799999999999,326.2578125
5,251,0.10212639417029007,0.9665481142069487,0.9901001918084145,0.02792048454284668,6.591062784194946,26.875,1013.1099999999999,326.2578125
5,252,0.45343454306771125,0.9731021745903723,0.9901001918084145,0.02660989761352539,6.617672681808472,28.175,1013.14,326.2578125
5,253,0.24547577053266684,0.9703933819551012,0.9901001918084145,0.024653911590576172,6.642326593399048,20.275,1013.16,326.2578125
5,254,0.06861829830013005,0.9644080832190866,0.9901001918084145,0.025519847869873047,6.667846441268921,29.4,1013.1899999999999,326.2578125
5,255,0.12345527401390527,0.9636548219788226,0.9901001918084145,0.02635478973388672,6.694201231002808,18.975,1013.2099999999999,326.2578125
5,256,0.46854266297962643,0.9606735523973362,0.9901001918084145,0.02633953094482422,6.720540761947632,28.45,1013.2399999999999,326.2578125
5,257,0.37038803893174665,0.9643964180741883,0.9901001918084145,0.02602982521057129,6.746570587158203,28.8,1013.27,326.2578125
5,258,0.23574802751175922,0.9660238045145358,0.9901001918084145,0.027669906616210938,6.774240493774414,18.125,1013.29,326.2578125
5,259,0.37038803893174665,0.95926549948849,0.9901001918084145,0.02707195281982422,6.801312446594238,27.625,1013.3199999999999,326.2578125
5,260,0.37038803893174665,0.9627719111252712,0.9901001918084145,0.02658390998840332,6.827896356582642,28.2,1013.3499999999999,326.2578125
5,261,0.12038834737257154,0.9616054743354076,0.9901001918084145,0.027487516403198242,6.85538387298584,27.3,1013.38,326.2578125
5,262,0.10411560932871944,0.9597793314237122,0.9901001918084145,0.02594923973083496,6.881333112716675,19.25,1013.4,326.2578125
5,263,0.26841853943700666,0.9713062122234867,0.9901001918084145,0.030487060546875,6.91182017326355,24.625,1013.43,326.2578125
5,264,0.3631951076388844,0.9707022487862066,0.9901001918084145,0.02529311180114746,6.937113285064697,29.6,1013.4599999999999,326.2578125
5,265,0.2111131339519125,0.9645935503672698,0.9901001918084145,0.024939775466918945,6.962053060531616,20.05,1013.4799999999999,326.2578125
5,266,0.2446422716273844,0.9631149963799378,0.9901001918084145,0.026227474212646484,6.988280534744263,28.6,1013.51,326.2578125
5,267,0.3020017923360935,0.9613324136554497,0.9901634380671809,0.027011871337890625,7.015292406082153,27.775,1013.54,326.2578125
5,268,0.22427110071506223,0.9725980867084832,0.9901634380671809,0.025723695755004883,7.041016101837158,19.425,1013.56,326.2578125
5,269,0.4794552567713456,0.978211214631634,0.9901634380671809,0.025917768478393555,7.066933870315552,28.95,1013.5899999999999,326.2578125
5,270,0.35274517194173577,0.9705147095533377,0.9901634380671809,0.026637792587280273,7.093571662902832,18.75,1013.6099999999999,326.2578125
5,271,0.24276826342934804,0.9721809701300179,0.9901634380671809,0.024306058883666992,7.117877721786499,30.85,1013.64,326.2578125
5,272,0.33015567947215607,0.9655009343537632,0.9901634380671809,0.02692246437072754,7.144800186157227,18.575,1013.66,326.2578125
5,273,0.33015567947215607,0.9728839789909273,0.9901634380671809,0.02809000015258789,7.1728901863098145,26.7,1013.6899999999999,326.2578125
5,274,0.33015567947215607,0.966801665392803,0.9901634380671809,0.026706933975219727,7.199597120285034,28.175,1013.7199999999999,326.2578125
5,275,0.14852813322271102,0.9522249234172423,0.9901634380671809,0.0260159969329834,7.225613117218018,28.7,1013.75,326.2578125
5,276,0.13219255687778475,0.9605900507181122,0.9901634380671809,0.026372194290161133,7.251985311508179,18.95,1013.77,326.2578125
5,277,0.05908766640599511,0.9707799342302449,0.9901634380671809,0.02650594711303711,7.278491258621216,28.3,1013.8,326.2578125
5,278,0.4618632082692107,0.9731354058739913,0.9901634380671809,0.026406526565551758,7.304897785186768,18.95,1013.8199999999999,326.2578125
5,279,0.32769935596427724,0.9714886168388402,0.9901634380671809,0.0254361629486084,7.330333948135376,29.475,1013.8499999999999,326.2578125
5,280,0.19463487147978964,0.9676619106367831,0.9901634380671809,0.025961875915527344,7.356295824050903,28.875,1013.88,326.2578125
5,281,0.1092111396087112,0.9683997379390755,0.9901634380671809,0.025931835174560547,7.382227659225464,19.275,1013.9,326.2578125
5,282,0.40585386196569706,0.9700996285691557,0.9901634380671809,0.024802684783935547,7.407030344009399,30.25,1013.93,326.2578125
5,283,0.057648842849313764,0.9657008500629152,0.9901634380671809,0.025431156158447266,7.432461500167847,19.65,1013.9499999999999,326.2578125
5,284,0.034325894807821666,0.963193509025649,0.9901634380671809,0.025925159454345703,7.458386659622192,28.925,1013.9799999999999,326.2578125
5,285,0.45659827819423954,0.9747820218213117,0.9901634380671809,0.025467872619628906,7.483854532241821,19.625,1014.0,326.2578125
5,286,0.31647055755296205,0.9653039046159521,0.9901634380671809,0.026688814163208008,7.510543346405029,28.125,1014.03,326.2578125
5,287,0.19971626536146292,0.968740419574264,0.9901634380671809,0.025650501251220703,7.53619384765625,29.225,1014.06,326.2578125
5,288,0.4267693083710694,0.9739208370885765,0.9901634380671809,0.025878190994262695,7.562072038650513,19.325,1014.0799999999999,326.2578125
5,289,0.14992785568298567,0.969804794776558,0.9901634380671809,0.025140047073364258,7.587212085723877,29.825,1014.1099999999999,326.2578125
5,290,0.21178685419527815,0.9716210731784206,0.9901634380671809,0.025507688522338867,7.612719774246216,19.675,1014.13,326.2578125
5,291,0.1533527259923323,0.9667461255518954,0.9901634380671809,0.024461746215820312,7.637181520462036,30.55,1014.16,326.2578125
5,292,0.08755100479585676,0.9684450582167821,0.9901634380671809,0.025911808013916016,7.663093328475952,19.3,1014.18,326.2578125
5,293,0.191942566110054,0.9684432866615352,0.9901634380671809,0.02602219581604004,7.689115524291992,28.825,1014.2099999999999,326.2578125
5,294,0.3835663878385679,0.970998871090818,0.9901634380671809,0.02582526206970215,7.714940786361694,19.35,1014.2299999999999,326.2578125
5,295,0.41148210266159096,0.9699297297676613,0.9901634380671809,0.02536153793334961,7.740302324295044,29.575,1014.26,326.2578125
5,296,0.24054217823530927,0.9714593554547019,0.9901634380671809,0.024883747100830078,7.765186071395874,20.1,1014.29,326.2578125
5,297,0.35556919580854646,0.971122881366595,0.9901634380671809,0.027022361755371094,7.792208433151245,27.75,1014.31,326.2578125
5,298,0.33086526269697664,0.9739965946385177,0.9901634380671809,0.024847984313964844,7.81705641746521,30.175,1014.3399999999999,326.2578125
5,299,0.25445819751364984,0.9758105692219978,0.9901634380671809,0.02623724937438965,7.8432936668396,19.05,1014.3599999999999,326.2578125
5,300,0.360900226768612,0.9725564439770729,0.9901634380671809,0.02715277671813965,7.870446443557739,27.625,1014.39,326.2578125
5,301,0.21019179819406875,0.9672876553591341,0.9901634380671809,0.02806711196899414,7.898513555526733,26.75,1014.42,326.2578125
5,302,0.15705935246091884,0.9660127383863489,0.9901634380671809,0.027385950088500977,7.925899505615234,27.35,1014.4499999999999,326.2578125
5,303,0.15705935246091884,0.9607485150284256,0.9901634380671809,0.02517843246459961,7.951077938079834,19.85,1014.4699999999999,326.2578125
5,304,0.3157090812787574,0.9704389692268343,0.9901634380671809,0.026149988174438477,7.9772279262542725,28.675,1014.5,326.2578125
5,305,0.3468121685729827,0.9798754073083477,0.9901634380671809,0.025760173797607422,8.00298810005188,19.425,1014.52,326.2578125
5,306,0.3875890164616989,0.982383354901097,0.9901634380671809,0.02434992790222168,8.027338027954102,30.8,1014.55,326.2578125
5,307,0.024056705433944947,0.979985531419712,0.9901634380671809,0.02504277229309082,8.052380800247192,19.975,1014.5699999999999,326.2578125
5,308,0.15951860706598608,0.9792467116337898,0.9901634380671809,0.024685144424438477,8.07706594467163,30.4,1014.5999999999999,326.2578125
5,309,0.3403374636189721,0.9791699386754793,0.9901634380671809,0.028966903686523438,8.106032848358154,25.925,1014.63,326.2578125
5,310,0.2862645920237209,0.977774267658131,0.9901634380671809,0.026132822036743164,8.132165670394897,19.125,1014.65,326.2578125
5,311,0.46430384044611933,0.9739287081145953,0.9901634380671809,0.02472710609436035,8.156892776489258,30.4,1014.68,326.2578125
5,312,0.3341841660335142,0.9672476725784737,0.9901634380671809,0.02566218376159668,8.182554960250854,19.45,1014.6999999999999,326.2578125
5,313,0.2417101993139466,0.9685546637375739,0.9901634380671809,0.02638697624206543,8.20894193649292,28.425,1014.7299999999999,326.2578125
5,314,0.19770582650544993,0.9655092947519677,0.9901634380671809,0.025957822799682617,8.234899759292603,28.875,1014.76,326.2578125
5,315,0.4069763594213712,0.9597976473710421,0.9901634380671809,0.025728464126586914,8.26062822341919,19.425,1014.78,326.2578125
5,316,0.4808554444745575,0.9686628390434442,0.9901634380671809,0.024575471878051758,8.285203695297241,30.525,1014.81,326.2578125
5,317,0.0321070510714333,0.9695008546326794,0.9901634380671809,0.025826692581176758,8.311030387878418,19.375,1014.8299999999999,326.2578125
5,318,0.15641192559184386,0.9682931427782495,0.9901634380671809,0.024591922760009766,8.335622310638428,30.575,1014.8599999999999,326.2578125
5,319,0.15287455378960563,0.9665376617135132,0.9901634380671809,0.024733781814575195,8.360356092453003,20.15,1014.88,326.2578125
5,320,0.3653106044304466,0.965812042626625,0.9901634380671809,0.025909900665283203,8.386265993118286,28.95,1014.91,326.2578125
5,321,0.2045425841782325,0.9702121112128126,0.9901634380671809,0.025248050689697266,8.411514043807983,19.825,1014.93,326.2578125
5,322,0.16280276047735126,0.9715387529063332,0.9901634380671809,0.025959253311157227,8.43747329711914,28.85,1014.9599999999999,326.2578125
5,323,0.10652146158657588,0.9691577531373529,0.9901634380671809,0.024893999099731445,8.462367296218872,20.075,1014.9799999999999,326.2578125
5,324,0.08897385270444624,0.9635201015942466,0.9901634380671809,0.025728702545166016,8.488095998764038,29.15,1015.01,326.2578125
5,325,0.18855391878488265,0.9600353506307006,0.9902311713208564,0.025679826736450195,8.513775825500488,29.2,1015.04,326.2578125
5,326,0.10246079499303817,0.9479113202714499,0.9902311713208564,0.024773359298706055,8.538549184799194,20.175,1015.06,326.2578125
5,327,0.13974012525902774,0.9520737607861997,0.9902311713208564,0.025577068328857422,8.564126253128052,29.325,1015.0899999999999,326.2578125
5,328,0.4245652293050368,0.9594527039109366,0.9902311713208564,0.028009653091430664,8.592135906219482,17.85,1015.1099999999999,326.2578125
5,329,0.42316864020704165,0.9649499613282998,0.9902311713208564,0.02523660659790039,8.617372512817383,29.7,1015.14,326.2578125
5,330,0.20360689633447915,0.9663373037344509,0.9902311713208564,0.026214599609375,8.643587112426758,19.075,1015.16,326.2578125
5,331,0.11822540592158831,0.9588829188284644,0.9902311713208564,0.02546381950378418,8.669050931930542,29.45,1015.1899999999999,326.2578125
5,332,0.3035152913671264,0.9581756074061728,0.9902311713208564,0.02527594566345215,8.694326877593994,19.8,1015.2099999999999,326.2578125
5,333,0.4614291241688684,0.9678269386252237,0.9902311713208564,0.025934219360351562,8.720261096954346,28.9,1015.2399999999999,326.2578125
5,334,0.3322925330618297,0.9798440947884762,0.9902311713208564,0.024515151977539062,8.744776248931885,20.4,1015.26,326.2578125
5,335,0.34259532285631256,0.9652461044472713,0.9902311713208564,0.027205705642700195,8.771981954574585,27.6,1015.29,326.2578125
5,336,0.3315433472801479,0.96128116150007,0.9902311713208564,0.027262210845947266,8.799244165420532,27.5,1015.3199999999999,326.2578125
5,337,0.3636189697810285,0.9707958899216985,0.9902311713208564,0.02561211585998535,8.824856281280518,19.5,1015.3399999999999,326.2578125
5,338,0.10808933799707499,0.9780870871242234,0.9902311713208564,0.026890277862548828,8.851746559143066,27.925,1015.37,326.2578125
5,339,0.3105964613401543,0.9752919933208644,0.9902311713208564,0.026045799255371094,8.877792358398438,28.9,1015.4,326.2578125
5,340,0.2538511628119222,0.9725608941421995,0.9902311713208564,0.0263211727142334,8.904113531112671,18.925,1015.42,326.2578125
5,341,0.23563015830459572,0.9701476245676235,0.9902311713208564,0.025006532669067383,8.929120063781738,29.975,1015.4499999999999,326.2578125
5,342,0.2989149890435978,0.9633688082814902,0.9902311713208564,0.025102853775024414,8.954222917556763,19.925,1015.4699999999999,326.2578125
5,343,0.1513534668882378,0.9669006243619784,0.9902311713208564,0.024956941604614258,8.979179859161377,30.05,1015.5,326.2578125
5,344,0.253286877605624,0.9654852872089645,0.9902311713208564,0.02457571029663086,9.003755569458008,20.35,1015.52,326.2578125
5,345,0.41565818749573924,0.9739776137674726,0.9902311713208564,0.025959253311157227,9.029714822769165,28.875,1015.55,326.2578125
5,346,0.03590852731057864,0.9679523353961095,0.9902311713208564,0.024594783782958984,9.054309606552124,20.325,1015.5699999999999,326.2578125
5,347,0.27322386872997156,0.977149386482911,0.9902311713208564,0.02541494369506836,9.079724550247192,29.525,1015.5999999999999,326.2578125
5,348,0.06715503237424097,0.9702112414799025,0.9902311713208564,0.02749347686767578,9.107218027114868,27.3,1015.63,326.2578125
5,349,0.47166058671655564,0.9767497530145286,0.9902311713208564,0.025244951248168945,9.132462978363037,19.8,1015.65,326.2578125
5,350,0.18630703758677447,0.9725257072737977,0.9902311713208564,0.025023460388183594,9.15748643875122,30.0,1015.68,326.2578125
5,351,0.34644184460019256,0.9730380633147326,0.9902311713208564,0.026224374771118164,9.183710813522339,19.05,1015.6999999999999,326.2578125
5,352,0.05684064887901852,0.9718207970603027,0.9902311713208564,0.025918245315551758,9.20962905883789,28.975,1015.7299999999999,326.2578125
5,353,0.4784563591637583,0.97911600545802,0.9902311713208564,0.024425745010375977,9.234054803848267,20.45,1015.75,326.2578125
5,354,0.31177460435608706,0.9706975395176034,0.9902311713208564,0.024997711181640625,9.259052515029907,30.0,1015.78,326.2578125
5,355,0.13055100617378224,0.9701609906037783,0.9902311713208564,0.02659010887145996,9.285642623901367,18.825,1015.8,326.2578125
5,356,0.2210921344778723,0.9712163054145179,0.9902311713208564,0.02473616600036621,9.310378789901733,30.3,1015.8299999999999,326.2578125
5,357,0.3469002179564179,0.9754134969492558,0.9902311713208564,0.025610685348510742,9.335989475250244,19.525,1015.8499999999999,326.2578125
5,358,0.48125830345175125,0.9714469003519539,0.9902311713208564,0.0252535343170166,9.36124300956726,29.7,1015.88,326.2578125
5,359,0.44746277038270954,0.9791424468437522,0.9902311713208564,0.028502225875854492,9.389745235443115,26.35,1015.91,326.2578125
5,360,0.3609089917937426,0.9783418427638253,0.9902311713208564,0.02512836456298828,9.414873600006104,29.8,1015.9399999999999,326.2578125
5,361,0.28644237446275167,0.9785561963016042,0.9902311713208564,0.025789737701416016,9.44066333770752,19.4,1015.9599999999999,326.2578125
5,362,0.28311914422122825,0.9732182346634536,0.9902311713208564,0.024352550506591797,9.465015888214111,30.775,1015.9899999999999,326.2578125
5,363,0.17298302483903472,0.9778512385763877,0.9902311713208564,0.02521038055419922,9.49022626876831,19.825,1016.01,326.2578125
5,364,0.25068392061670663,0.9683106425498504,0.9902311713208564,0.02478337287902832,9.515009641647339,30.275,1016.04,326.2578125
5,365,0.12705545745976016,0.9643569625731873,0.9902311713208564,0.025648117065429688,9.540657758712769,19.5,1016.06,326.2578125
5,366,0.4476808639406848,0.9646867818295909,0.9902311713208564,0.024730205535888672,9.565387964248657,30.325,1016.0899999999999,326.2578125
5,367,0.47016381539472946,0.976258108464036,0.9902311713208564,0.02892160415649414,9.594309568405151,17.375,1016.1099999999999,326.2578125
5,368,0.10267716409978284,0.9636103658810574,0.9902311713208564,0.025055885314941406,9.619365453720093,29.775,1016.14,326.2578125
5,369,0.17595792889820433,0.9667808646932016,0.9902311713208564,0.02554774284362793,9.64491319656372,29.35,1016.17,326.2578125
5,370,0.2030162764098944,0.9630982412137786,0.9902311713208564,0.02449655532836914,9.66940975189209,20.4,1016.1899999999999,326.2578125
5,371,0.4379392538424275,0.972055929762648,0.9902311713208564,0.02482008934020996,9.6942298412323,20.15,1016.2099999999999,326.2578125
5,372,0.13506580390859751,0.9658284412488358,0.9902311713208564,0.02553415298461914,9.719763994216919,29.375,1016.2399999999999,326.2578125
5,373,0.3202066067846092,0.9679238285632196,0.9902311713208564,0.024915218353271484,9.74467921257019,20.075,1016.26,326.2578125
5,374,0.10942806415409873,0.9806255658554431,0.9902311713208564,0.025135278701782227,9.769814491271973,29.825,1016.29,326.2578125
5,375,0.1665084715651095,0.9733934820796168,0.9902311713208564,0.02666330337524414,9.796477794647217,28.125,1016.3199999999999,326.2578125
5,376,0.2589351240829383,0.9726948496538212,0.9902311713208564,0.025276660919189453,9.821754455566406,19.8,1016.3399999999999,326.2578125
5,377,0.24260554843128668,0.9742868329355466,0.9902311713208564,0.027003049850463867,9.84875750541687,27.825,1016.37,326.2578125
5,378,0.24260554843128668,0.967889768048836,0.9902311713208564,0.026020288467407227,9.874777793884277,19.175,1016.4,326.2578125
5,379,0.21125469917976936,0.9736197833265523,0.9902311713208564,0.027462244033813477,9.90224003791809,27.325,1016.42,326.2578125
5,380,0.3063296671669148,0.9728735313555987,0.9902311713208564,0.024796485900878906,9.92703652381897,30.225,1016.4499999999999,326.2578125
5,381,0.11774578161524729,0.9675567710941371,0.9902311713208564,0.02581644058227539,9.952852964401245,19.375,1016.4699999999999,326.2578125
5,382,0.32955473087436915,0.9697355450437526,0.9902311713208564,0.0250551700592041,9.97790813446045,29.925,1016.5,326.2578125
5,383,0.15460322820840633,0.9706589562860853,0.9902311713208564,0.02610039710998535,10.004008531570435,19.225,1016.52,326.2578125
5,384,0.05394299990904833,0.9717318461476302,0.9902311713208564,0.024431467056274414,10.028439998626709,30.575,1016.55,326.2578125
5,385,0.20375327666450188,0.9715923747136697,0.9902311713208564,0.024631738662719727,10.053071737289429,20.3,1016.5699999999999,326.2578125
5,386,0.18580256362726177,0.9741756399958074,0.9902311713208564,0.025893211364746094,10.078964948654175,28.975,1016.5999999999999,326.2578125
5,387,0.331344669487451,0.9734809395466597,0.9902311713208564,0.026135683059692383,10.105100631713867,28.7,1016.63,326.2578125
5,388,0.1180417719993529,0.9725947688141243,0.9902311713208564,0.026682615280151367,10.131783246994019,18.725,1016.65,326.2578125
5,389,0.4110475189291107,0.9707654126373391,0.9902311713208564,0.026792526245117188,10.158575773239136,28.0,1016.68,326.2578125
5,390,0.18192251186723285,0.9722666720433014,0.9902311713208564,0.02524423599243164,10.183820009231567,19.8,1016.6999999999999,326.2578125
5,391,0.34556020381608615,0.9724988642337108,0.9902311713208564,0.025566577911376953,10.209386587142944,29.35,1016.7299999999999,326.2578125
5,392,0.16250328578043105,0.9732596032548428,0.9902311713208564,0.026346445083618164,10.235733032226562,28.475,1016.76,326.2578125
5,393,0.3134162412607649,0.9777864150777257,0.9902311713208564,0.025368690490722656,10.261101722717285,19.7,1016.78,326.2578125
5,394,0.2515678571908689,0.9620291670179714,0.9902311713208564,0.025936126708984375,10.28703784942627,28.925,1016.81,326.2578125
5,395,0.409350108419759,0.9739176037142165,0.9902311713208564,0.025588512420654297,10.312626361846924,19.575,1016.8299999999999,326.2578125
5,396,0.38049105800456545,0.9722289052991269,0.9902311713208564,0.025559186935424805,10.338185548782349,29.3,1016.8599999999999,326.2578125
5,397,0.07210612794333326,0.9677832614416226,0.9902311713208564,0.026819705963134766,10.365005254745483,27.975,1016.89,326.2578125
5,398,0.31268938687006326,0.9691956083589136,0.9902311713208564,0.024281740188598633,10.389286994934082,20.6,1016.91,326.2578125
5,399,0.18603437057687738,0.9645739682352326,0.9902311713208564,0.02539849281311035,10.414685487747192,19.7,1016.93,326.2578125
5,400,0.28005541615610186,0.9695805879002292,0.9902311713208564,0.025804519653320312,10.440490007400513,29.05,1016.9599999999999,326.2578125
5,401,0.28216548170199895,0.9674331451602473,0.9902311713208564,0.0257723331451416,10.466262340545654,29.1,1016.9899999999999,326.2578125
5,402,0.11595511452155849,0.9769225056824146,0.9902311713208564,0.025782346725463867,10.492044687271118,19.4,1017.01,326.2578125
5,403,0.3107143690118248,0.9735066087564845,0.9902311713208564,0.026123762130737305,10.518168449401855,28.7,1017.04,326.2578125
5,404,0.06809688235939931,0.9748052659894497,0.9902311713208564,0.025159597396850586,10.543328046798706,19.875,1017.06,326.2578125
5,405,0.09557908642641622,0.9800183110159039,0.9902311713208564,0.025859594345092773,10.569187641143799,29.0,1017.0899999999999,326.2578125
5,406,0.2936448069592893,0.9800136875249823,0.9902311713208564,0.026823997497558594,10.596011638641357,27.975,1017.12,326.2578125
5,407,0.20796926890956036,0.9739352482481125,0.9902311713208564,0.025141000747680664,10.621152639389038,19.875,1017.14,326.2578125
5,408,0.20796926890956036,0.9598317766095047,0.9902311713208564,0.026073694229125977,10.647226333618164,29.275,1017.17,326.2578125
5,409,0.3817481380733039,0.9703965125034331,0.9902311713208564,0.025585174560546875,10.672811508178711,19.225,1017.1899999999999,326.2578125
5,410,0.4481265870282193,0.9779012377888785,0.9902311713208564,0.026039838790893555,10.698851346969604,28.775,1017.2199999999999,326.2578125
5,411,0.3055860303352189,0.976083398331232,0.9902311713208564,0.024530410766601562,10.723381757736206,20.4,1017.2399999999999,326.2578125
5,412,0.48627597082104856,0.9657080628865149,0.9902311713208564,0.024935245513916016,10.748317003250122,30.05,1017.27,326.2578125
5,413,0.32343162572299666,0.9625533452630575,0.9902311713208564,0.024855613708496094,10.773172616958618,20.125,1017.29,326.2578125
5,414,0.3599811965853419,0.9711231740685207,0.9902311713208564,0.024989843368530273,10.798162460327148,30.025,1017.3199999999999,326.2578125
5,415,0.13094213120708725,0.9684669030100436,0.9902311713208564,0.026354312896728516,10.824516773223877,28.45,1017.3499999999999,326.2578125
5,416,0.026030397897719715,0.9715144032942755,0.9902311713208564,0.024741172790527344,10.849257946014404,20.2,1017.37,326.2578125
5,417,0.059796211110594466,0.96876167941705,0.9902311713208564,0.02743840217590332,10.876696348190308,27.35,1017.4,326.2578125
5,418,0.44755214787886516,0.9711345074162732,0.9902311713208564,0.02652907371520996,10.903225421905518,18.85,1017.42,326.2578125
5,419,0.32020582020423055,0.9725612922101365,0.9902311713208564,0.02461838722229004,10.927843809127808,30.45,1017.4499999999999,326.2578125
5,420,0.044556768117965995,0.9715868545445064,0.9902311713208564,0.024166584014892578,10.9520103931427,20.675,1017.4699999999999,326.2578125
5,421,0.27298579291738556,0.9751381160545223,0.9902311713208564,0.024428367614746094,10.976438760757446,30.7,1017.5,326.2578125
5,422,0.15637704341008807,0.9758426220771431,0.9902311713208564,0.025107622146606445,11.001546382904053,19.925,1017.52,326.2578125
5,423,0.335195166404517,0.9800993409542096,0.9902311713208564,0.02641749382019043,11.027963876724243,28.4,1017.55,326.2578125
5,424,0.335195166404517,0.9717148350248861,0.9902311713208564,0.02462482452392578,11.052588701248169,20.3,1017.5699999999999,326.2578125
5,425,0.335195166404517,0.9736620554673445,0.9902311713208564,0.02537393569946289,11.077962636947632,29.55,1017.5999999999999,326.2578125
5,426,0.35257846110338253,0.9841937252245052,0.9902311713208564,0.024517297744750977,11.102479934692383,20.4,1017.62,326.2578125
5,427,0.20369161861055668,0.9833458265868724,0.9902311713208564,0.024489164352416992,11.1269690990448,30.625,1017.65,326.2578125
5,428,0.13964903284062347,0.9756362165599868,0.9902311713208564,0.023581743240356445,11.150550842285156,21.2,1017.67,326.2578125
5,429,0.15721960447741135,0.962399203386304,0.9902311713208564,0.02664637565612793,11.177197217941284,28.225,1017.6999999999999,326.2578125
5,430,0.4650298394096748,0.9714385216272524,0.9902311713208564,0.025221586227416992,11.202418804168701,19.75,1017.7199999999999,326.2578125
5,431,0.20361468942710936,0.9669501203683558,0.9902311713208564,0.024644851684570312,11.227063655853271,30.425,1017.75,326.2578125
5,432,0.32637159025874746,0.9705125817491506,0.9902311713208564,0.024467945098876953,11.251531600952148,20.45,1017.77,326.2578125
5,433,0.3847412793835206,0.9683289438202545,0.9902311713208564,0.02428412437438965,11.275815725326538,30.85,1017.8,326.2578125
5,434,0.26488928193474537,0.9715408599256814,0.9902311713208564,0.02522873878479004,11.301044464111328,19.825,1017.8199999999999,326.2578125
5,435,0.4410038060384916,0.9793018555831113,0.9902311713208564,0.02477860450744629,11.325823068618774,30.275,1017.8499999999999,326.2578125
5,436,0.1307089733530552,0.967740892619986,0.9902311713208564,0.025091886520385742,11.35091495513916,19.925,1017.87,326.2578125
5,437,0.15316534303594387,0.9672680422773244,0.9902311713208564,0.025743961334228516,11.376658916473389,29.125,1017.9,326.2578125
5,438,0.15316534303594387,0.9780484294543303,0.9902311713208564,0.025037050247192383,11.401695966720581,19.975,1017.92,326.2578125
5,439,0.353839058907076,0.9680984910064233,0.9902311713208564,0.025341272354125977,11.427037239074707,29.6,1017.9499999999999,326.2578125
5,440,0.1551283304366961,0.9667553104438696,0.9902311713208564,0.02411341667175293,11.45115065574646,20.725,1017.9699999999999,326.2578125
5,441,0.43617834635454306,0.9716005728579526,0.9902311713208564,0.02501535415649414,11.476166009902954,29.975,1018.0,326.2578125
5,442,0.4297418305761176,0.9654257794961586,0.9902311713208564,0.026429176330566406,11.50259518623352,18.925,1018.02,326.2578125
5,443,0.34963647478535576,0.9704806755528399,0.9902311713208564,0.02540135383605957,11.52799654006958,29.525,1018.05,326.2578125
5,444,0.08232760143456574,0.9619377152579869,0.9902311713208564,0.026202917098999023,11.554199457168579,19.075,1018.0699999999999,326.2578125
5,445,0.3029238917158317,0.9571858790076915,0.9902311713208564,0.024493932723999023,11.578693389892578,30.625,1018.0999999999999,326.2578125
5,446,0.38910783548429906,0.9625221368754787,0.9902311713208564,0.02608346939086914,11.604776859283447,28.75,1018.13,326.2578125
5,447,0.3294484484616068,0.9724284393009138,0.9902311713208564,0.025365114212036133,11.630141973495483,19.7,1018.15,326.2578125
5,448,0.10468748347642498,0.9620126062050629,0.9902311713208564,0.024998903274536133,11.65514087677002,30.0,1018.18,326.2578125
5,449,0.4655800692059504,0.9684494544549226,0.9902311713208564,0.026337146759033203,11.681478023529053,18.975,1018.1999999999999,326.2578125
5,450,0.2513253177066666,0.969583906282242,0.9902311713208564,0.025774002075195312,11.707252025604248,29.1,1018.2299999999999,326.2578125
5,451,0.4616715871843333,0.9652463686465411,0.9902311713208564,0.026148557662963867,11.733400583267212,19.125,1018.25,326.2578125
5,452,0.06174470629144191,0.9756235689641908,0.9902311713208564,0.024810314178466797,11.758210897445679,30.225,1018.28,326.2578125
5,453,0.05750929552325684,0.9726974859164342,0.9902311713208564,0.024964570999145508,11.783175468444824,20.025,1018.3,326.2578125
5,454,0.15322915616858312,0.9617599325258425,0.9902311713208564,0.026288986206054688,11.809464454650879,28.525,1018.3299999999999,326.2578125
5,455,0.42556082387165,0.9656476721133757,0.9902311713208564,0.026761531829833984,11.836225986480713,28.025,1018.3599999999999,326.2578125
5,456,0.30201122872644465,0.9636851289087496,0.9902311713208564,0.025910377502441406,11.862136363983154,19.3,1018.38,326.2578125
5,457,0.43627089664178564,0.9675811861750268,0.9902311713208564,0.026458263397216797,11.888594627380371,28.375,1018.41,326.2578125
5,458,0.40663121544386105,0.9700167586615435,0.9902311713208564,0.030108213424682617,11.918702840805054,24.925,1018.4399999999999,326.2578125
5,459,0.14597161727895486,0.9751564575391848,0.9902311713208564,0.02708292007446289,11.945785760879517,27.65,1018.4699999999999,326.2578125
5,460,0.460248415607098,0.979151178205573,0.9902311713208564,0.027339935302734375,11.973125696182251,18.3,1018.4899999999999,326.2578125
5,461,0.4694673105674838,0.9778292350555065,0.9902311713208564,0.02743697166442871,12.00056266784668,27.375,1018.52,326.2578125
5,462,0.4285402823508605,0.9765705605144835,0.9902311713208564,0.028146028518676758,12.028708696365356,26.625,1018.55,326.2578125
5,463,0.25288556928474126,0.961826890090081,0.9902311713208564,0.026703834533691406,12.055412530899048,28.075,1018.5799999999999,326.2578125
5,464,0.25114688327944196,0.9709838813495846,0.9902311713208564,0.027139663696289062,12.082552194595337,18.425,1018.5999999999999,326.2578125
5,465,0.2280681736471465,0.9753085062401617,0.9902311713208564,0.027848005294799805,12.110400199890137,26.925,1018.63,326.2578125
5,466,0.42510019561961926,0.9757145384297182,0.9902311713208564,0.02701568603515625,12.137415885925293,27.75,1018.66,326.2578125
5,467,0.08255313675359816,0.9826046218602807,0.9902311713208564,0.02646493911743164,12.163880825042725,18.9,1018.68,326.2578125
5,468,0.4464438585437926,0.9798302558311138,0.9902311713208564,0.0264894962310791,12.190370321273804,28.3,1018.7099999999999,326.2578125
5,469,0.36496922415018607,0.9805856120809053,0.9902311713208564,0.03030228614807129,12.220672607421875,24.75,1018.7399999999999,326.2578125
5,470,0.29431926185317686,0.9717661513762657,0.9902311713208564,0.026366710662841797,12.247039318084717,28.4,1018.77,326.2578125
5,471,0.2740421846619684,0.9753344842095658,0.9902311713208564,0.028137922286987305,12.275177240371704,26.675,1018.8,326.2578125
5,472,0.46845923121014305,0.9739232737704148,0.9902311713208564,0.02709674835205078,12.302273988723755,18.45,1018.8199999999999,326.2578125
5,473,0.2701442360016279,0.9696286631647268,0.9902311713208564,0.028270483016967773,12.330544471740723,26.525,1018.8499999999999,326.2578125
5,474,0.2542174278214431,0.9593893098392396,0.9902311713208564,0.02870655059814453,12.359251022338867,26.125,1018.88,326.2578125
5,475,0.06128062185559979,0.9633411486680589,0.9902311713208564,0.027836084365844727,12.387087106704712,26.95,1018.91,326.2578125
5,476,0.46596591223660283,0.9715428084072948,0.9902311713208564,0.030860424041748047,12.41794753074646,16.225,1018.93,326.2578125
5,477,0.07437645867410247,0.9750271372970596,0.9902311713208564,0.032349348068237305,12.450296878814697,30.9,1018.9699999999999,326.2578125
5,478,0.2537608823480745,0.9770047044005239,0.9902311713208564,0.028133392333984375,12.478430271148682,26.625,1019.0,326.2578125
5,479,0.03836614322507814,0.9737157257503466,0.9902311713208564,0.027741432189941406,12.506171703338623,18.05,1019.02,326.2578125
5,480,0.3230868479764958,0.9749997324288299,0.9902311713208564,0.028324604034423828,12.534496307373047,26.45,1019.05,326.2578125
5,481,0.11496278148984995,0.9632372976294516,0.9902311713208564,0.027564287185668945,12.562060594558716,27.2,1019.0799999999999,326.2578125
5,482,0.17697449342631372,0.9649426344551421,0.9902311713208564,0.02741384506225586,12.589474439620972,27.425,1019.1099999999999,326.2578125
5,483,0.20345067213048817,0.960665976188315,0.9902311713208564,0.027657032012939453,12.617131471633911,18.05,1019.13,326.2578125
5,484,0.42768356828591136,0.964081295035503,0.9902311713208564,0.025907278060913086,12.643038749694824,28.95,1019.16,326.2578125
5,485,0.19480904344990774,0.965927303343467,0.9902311713208564,0.027370691299438477,12.670409440994263,27.45,1019.1899999999999,326.2578125
5,486,0.23671902104722986,0.9674415810791993,0.9902311713208564,0.0283200740814209,12.698729515075684,26.45,1019.2199999999999,326.2578125
5,487,0.48944716664798776,0.9694236576803003,0.9902311713208564,0.02655315399169922,12.725282669067383,18.825,1019.2399999999999,326.2578125
5,488,0.305085745940715,0.9660715106265382,0.9902311713208564,0.02664041519165039,12.751923084259033,28.15,1019.27,326.2578125
5,489,0.24911238138412123,0.9640415484868058,0.9902311713208564,0.025985002517700195,12.777908086776733,19.25,1019.29,326.2578125
5,490,0.28180791657276627,0.9632020116290859,0.9902311713208564,0.026049137115478516,12.803957223892212,28.8,1019.3199999999999,326.2578125
5,491,0.28180791657276627,0.968181390146765,0.9902311713208564,0.026601791381835938,12.830559015274048,28.2,1019.3499999999999,326.2578125
5,492,0.33826207312651463,0.963323298206321,0.9902311713208564,0.02707529067993164,12.85763430595398,18.475,1019.37,326.2578125
5,493,0.08761144295212758,0.9562910371255001,0.9902311713208564,0.027559757232666016,12.885194063186646,27.2,1019.4,326.2578125
5,494,0.25738453790649507,0.963140314245456,0.9902311713208564,0.028187990188598633,12.913382053375244,26.625,1019.43,326.2578125
5,495,0.4532897109901897,0.9679067150886639,0.9902311713208564,0.0274503231048584,12.940832376480103,27.3,1019.4599999999999,326.2578125
5,496,0.472921999633897,0.9609200744644728,0.9902311713208564,0.026368141174316406,12.967200517654419,18.95,1019.4799999999999,326.2578125
5,497,0.4277316823892403,0.9453532675689889,0.9902311713208564,0.027871131896972656,12.995071649551392,26.9,1019.51,326.2578125
5,498,0.17712479826382055,0.9442756892625112,0.9902311713208564,0.02631688117980957,13.021388530731201,28.5,1019.54,326.2578125
5,499,0.05493497074950249,0.950739262567482,0.9902311713208564,0.027002573013305664,13.048391103744507,18.525,1019.56,326.2578125
5,500,0.31220360329774166,0.9521213430146824,0.9902311713208564,0.026247739791870117,13.074638843536377,28.575,1019.5899999999999,326.2578125
